# {'end_index': 998, 'integration_time_us': 8000, 'dark_data_file': 'dark_2016-07-27.csv', 'start_index': 50}
2.310837162806080016e+02,6.856294877032563517e-04,1.920937271229854693e+00
2.318877544995400797e+02,6.339724715064594266e-04,1.392838827718412054e+00
2.326917212762363363e+02,6.809333953217526492e-04,1.549193338482966809e+00
2.334956166061837735e+02,6.245802867434093039e-04,1.699264546796642961e+00
2.342994404848692795e+02,6.527568410326022811e-04,1.743559577416269546e+00
2.351031929077797713e+02,7.372865039000961029e-04,1.867484939698309754e+00
2.359068738704021939e+02,6.574529334141059837e-04,1.512448346225417461e+00
2.367104833682235210e+02,7.419825962816425230e-04,2.036541185441629764e+00
2.375140213967306408e+02,7.231982267555422776e-04,1.878163997099294713e+00
2.383174879514104987e+02,7.654630581892891885e-04,1.813146436446874565e+00
2.391208830277500113e+02,7.560708734262390658e-04,1.321930406640228650e+00
2.399242066212361237e+02,7.372865039000961029e-04,2.118372016431485871e+00
2.407274587273557813e+02,8.077278896230359910e-04,1.757839583124694682e+00
2.415306393415959008e+02,7.748552429523392028e-04,2.147091055358389067e+00
2.423337484594434272e+02,7.701591505708355002e-04,1.796524422322168135e+00
2.431367860763852491e+02,8.124239820045824111e-04,1.785357107135712607e+00
2.439397521879083683e+02,8.265122591491362363e-04,1.691153452528776358e+00
2.447426467894996449e+02,8.077278896230359910e-04,2.188606862823928800e+00
2.455454698766460524e+02,8.359044439121863590e-04,1.829617446353198673e+00
2.463482214448345360e+02,8.640809982013794447e-04,1.774119499921017251e+00
2.471509014895520124e+02,7.936396124784394481e-04,1.857417562100670994e+00
2.479535100062853985e+02,8.828653677275224076e-04,2.046948949045872101e+00
2.487560469905216110e+02,8.171200743861288312e-04,1.116915395184433946e+00
2.495585124377476518e+02,8.640809982013794447e-04,1.558043645088288409e+00
2.503609063434503810e+02,8.499927210568256194e-04,1.639359631075500090e+00
2.511632287031167721e+02,8.781692753459759875e-04,1.923538406167134562e+00
2.519654795122337134e+02,8.546888134383293220e-04,1.676305461424020926e+00
2.527676587662881786e+02,9.861794001211590839e-04,2.578274616870747771e+00
2.535697664607671129e+02,9.345223839243620503e-04,2.174281490515889814e+00
2.543718025911574045e+02,9.626989382135124184e-04,1.841195263952196681e+00
2.551737671529460272e+02,9.157380143982190874e-04,1.314343942809491628e+00
2.559756601416198691e+02,9.814833077396126638e-04,1.630950643030009140e+00
2.567774815526658472e+02,8.734731829644722849e-04,1.627882059609970566e+00
2.575792313815709917e+02,9.955715848842092066e-04,2.070627924084865512e+00
2.583809096238221059e+02,1.028444231554905995e-03,1.351850583459577537e+00
2.591825162749062770e+02,9.063458296351689647e-04,2.353720459187963687e+00
2.599840513303103080e+02,1.056620785844099080e-03,2.059126028197399982e+00
2.607855147855211158e+02,9.533067534504195781e-04,2.060946384552495125e+00
2.615869066360257875e+02,1.037836416317998835e-03,2.446936860648431189e+00
2.623882268773110695e+02,1.019052046791898590e-03,1.833030277982335754e+00
2.631894755048640491e+02,1.094189524896342072e-03,1.499166435056495050e+00
2.639906525141715292e+02,1.084797340133291949e-03,2.083266665599965428e+00
2.647917579007204836e+02,1.131758263948542563e-03,2.347338918861100243e+00
2.655927916599978857e+02,1.197503557289978857e-03,2.046338192968112590e+00
2.663937537874906525e+02,1.136454356330088983e-03,2.255548713727992372e+00
2.671946442786857006e+02,1.188111372526886016e-03,2.099999999999999645e+00
2.679954631290700036e+02,1.117669986803988737e-03,2.031624965391004345e+00
2.687962103341304783e+02,1.249160573486818608e-03,2.405722344743881802e+00
2.695968858893539846e+02,1.150542633474685526e-03,2.277608394786074797e+00
2.703974897902274961e+02,1.183415280145382314e-03,2.155806113731010054e+00
2.711980220322380433e+02,1.258552758249868730e-03,2.308137777516757971e+00
2.719984826108723723e+02,1.225680111579171942e-03,2.566612553542119812e+00
2.727988715216175706e+02,1.324298051591262090e-03,1.564448784716201635e+00
2.735991887599604979e+02,1.380651160169605544e-03,2.264398374844850181e+00
2.743994343213880143e+02,1.422915991603395172e-03,2.141844999060389387e+00
2.751996082013872638e+02,1.310209774446665547e-03,2.201703885630399871e+00
2.759997103954450495e+02,1.427612083984898875e-03,2.393219588754863736e+00
2.767997408990482313e+02,1.427612083984898875e-03,1.971674415313035444e+00
2.775996997076838397e+02,1.493357377326335169e-03,3.021175268004158809e+00
2.783995868168387915e+02,1.498053469707881589e-03,2.312466215969435357e+00
2.791994022220000033e+02,1.620151871627618402e-03,2.615339366124403764e+00
2.799991459186544489e+02,1.545014393523174703e-03,1.345362404707371118e+00
2.807988179022890449e+02,1.596671409719971737e-03,2.812472222085046880e+00
2.815984181683906513e+02,1.587279224956921614e-03,1.802082129094009888e+00
2.823979467124461848e+02,1.662416703061408031e-03,2.803569153775237410e+00
2.831974035299427896e+02,1.671808887824458153e-03,2.188606862823928800e+00
2.839967886163670983e+02,1.699985442113608521e-03,2.779838124783527764e+00
2.847961019672063685e+02,1.770426827836548518e-03,2.727636339397171650e+00
2.855953435779472898e+02,1.812691659270337929e-03,2.418160457868749447e+00
2.863945134440768356e+02,1.864348675467134963e-03,3.229163978493504672e+00
2.871936115610819797e+02,1.883133044993235208e-03,2.267156809750926705e+00
2.879926379244497525e+02,1.962966615479267828e-03,3.324154027718932536e+00
2.887915925296668433e+02,1.948878338334671502e-03,2.363789330714562542e+00
2.895904753722203395e+02,2.005231446913014956e-03,2.736786436680801682e+00
2.903892864475972146e+02,2.085065017399005075e-03,2.299999999999999822e+00
2.911880257512842718e+02,2.085065017399005075e-03,3.207413287993925000e+00
2.919866932787684846e+02,2.230643881226431272e-03,3.215587038162705635e+00
2.927852890255368834e+02,2.225947788844884635e-03,3.083828789021854977e+00
2.935838129870763282e+02,2.310477451712421391e-03,3.104834939252004933e+00
2.943822651588737358e+02,2.254124343134077720e-03,3.021175268004158809e+00
2.951806455364160229e+02,2.409095391724511322e-03,3.465544690232691405e+00
2.959789541151902199e+02,2.427879761250654501e-03,2.635811070619440422e+00
2.967771908906830731e+02,2.582850809841131037e-03,3.150793550837630352e+00
2.975753558583816698e+02,2.643900010801020477e-03,3.080584360149872580e+00
2.983734490137729267e+02,2.606331271748777486e-03,3.639711527030679239e+00
2.991714703523437606e+02,2.765998412720757724e-03,3.789459064299283142e+00
2.999694198695810883e+02,2.798871059391497013e-03,3.963584236521282556e+00
3.007672975609717696e+02,2.883400722258990835e-03,3.057368149242089661e+00
3.015651034220029487e+02,2.803567151773000716e-03,3.761316258971053372e+00
3.023628374481613719e+02,2.967930385126527158e-03,3.617664992781946420e+00
3.031604996349340126e+02,3.085332694664760268e-03,4.526588119102510355e+00
3.039580899778078447e+02,3.118205341335499991e-03,4.398579316097414704e+00
3.047556084722697278e+02,3.310745128978177017e-03,4.548626166217664135e+00
3.055530551138066357e+02,3.259088112781337050e-03,4.684015371452147747e+00
3.063504298979054852e+02,3.446931808042552874e-03,3.707762128292482195e+00
3.071477328200533066e+02,3.470412269950199757e-03,5.018964036531841977e+00
3.079449638757367893e+02,3.597206764251440272e-03,4.138538389335056245e+00
3.087421230604431912e+02,3.597206764251440272e-03,5.140768425050869617e+00
3.095392103696592585e+02,3.752177812841916808e-03,4.873140671066247265e+00
3.103362257988718511e+02,3.897756676669343005e-03,5.038600996308399971e+00
3.111331693435679995e+02,3.977590247155375625e-03,4.960846701924984892e+00
3.119300409992346772e+02,4.123169110982758886e-03,4.901785389018984418e+00
3.127268407613587442e+02,4.198306589087203236e-03,5.256186830773807550e+00
3.135235686254271741e+02,4.395542469111426466e-03,5.314837720946896660e+00
3.143202245869268836e+02,4.372062007203822084e-03,6.122703651165879890e+00
3.151168086413447895e+02,4.508248686268155440e-03,5.257375771237965623e+00
3.159133207841677518e+02,4.620954903424842782e-03,5.646901805415072140e+00
3.167097610108829144e+02,4.827582968212158418e-03,6.451937693437530541e+00
3.175061293169770238e+02,4.912112631079695174e-03,5.048514633038117871e+00
3.183024256979371103e+02,5.114044603485422107e-03,6.362978862136821512e+00
3.190986501492500338e+02,5.250231282549797963e-03,6.165225056719341623e+00
3.198948026664027111e+02,5.391114053995678390e-03,6.896375859826667565e+00
3.206908832448821727e+02,5.546085102586154059e-03,6.515174594744181924e+00
3.214868918801753352e+02,5.748017074991880991e-03,6.464325177464388616e+00
3.222828285677690019e+02,5.827850645477914045e-03,6.089950738717021750e+00
3.230786933031503168e+02,6.062655264554380266e-03,7.460562981437795393e+00
3.238744860818059692e+02,6.264587236960107199e-03,6.734240862933252636e+00
3.246702068992230465e+02,6.419558285550583734e-03,8.539759949787816495e+00
3.254658557508884087e+02,6.860990969414366460e-03,7.879562170577753655e+00
3.262614326322891429e+02,6.945520632281903216e-03,7.622991538759571029e+00
3.270569375389120523e+02,7.142756512306083078e-03,8.211424967689834986e+00
3.278523704662439968e+02,7.476179071394683032e-03,7.898575820994567565e+00
3.286477314097720637e+02,7.682807136181998668e-03,7.965393901120019216e+00
3.294430203649830560e+02,7.964572679073758654e-03,9.858498871532116681e+00
3.302382373273640042e+02,8.288603053399266202e-03,1.008203848435424277e+01
3.310333822924017682e+02,8.509319395331135447e-03,9.624318157667067553e+00
3.318284552555833216e+02,8.786388845841349229e-03,1.112867916690925085e+01
3.326234562123955811e+02,9.063458296351604646e-03,1.069988317693235302e+01
3.334183851583254636e+02,9.401576947821749936e-03,1.032036821048551545e+01
3.342132420888599995e+02,9.758479968817953404e-03,1.018871925219259289e+01
3.350080269994859918e+02,1.013886345172180375e-02,1.067930241167465155e+01
3.358027398856904142e+02,1.064604142892697919e-02,1.320179911981696463e+01
3.365973807429602971e+02,1.103112100421237661e-02,1.279794905443837116e+01
3.373919495667823867e+02,1.149133805760225828e-02,1.306091497560565351e+01
3.381864463526437703e+02,1.207834960529342513e-02,1.313240267430145458e+01
3.389808710960313078e+02,1.257613539773550816e-02,1.517061303968959507e+01
3.397752237924318592e+02,1.310209774446682678e-02,1.399499910682383685e+01
3.405695044373325686e+02,1.366093273786879968e-02,1.446927779814873816e+01
3.413637130262201254e+02,1.434656222557209940e-02,1.471691204023452748e+01
3.421578495545816736e+02,1.504627999041999523e-02,1.607568038995550808e+01
3.429519140179040164e+02,1.574130166288630062e-02,1.721416567830111077e+01
3.437459064116741274e+02,1.655842173727243086e-02,1.797352219238065629e+01
3.445398267313788665e+02,1.732858088784322223e-02,1.839259361808442605e+01
3.453336749725053210e+02,1.839928995083191937e-02,2.039607805437113797e+01
3.461274511305402939e+02,1.926806704141484361e-02,2.095972328061608891e+01
3.469211552009707589e+02,2.032468782725894291e-02,2.278903244984306298e+01
3.477147871792836895e+02,2.142826953691829434e-02,2.425587557685766171e+01
3.485083470609658889e+02,2.262107700182676776e-02,2.739429685171714723e+01
3.493018348415043874e+02,2.402520862390402148e-02,2.760158509941050653e+01
3.500952505163861019e+02,2.556552692504564933e-02,2.848438168540788240e+01
3.508885940810980060e+02,2.720915925858091375e-02,3.026962173533062028e+01
3.516818655311269026e+02,2.899837045594360480e-02,3.169999999999999929e+01
3.524750648619599929e+02,3.108343547334261117e-02,3.392712778883588243e+01
3.532681920690838524e+02,3.332816763171363855e-02,3.821989010973213396e+01
3.540612471479857390e+02,3.584057705583187231e-02,4.020211437225659523e+01
3.548542300941522853e+02,3.888364491906284165e-02,4.238381176817394191e+01
3.556471409030706354e+02,4.216151740137032145e-02,4.558648374244277335e+01
3.564399795702276492e+02,4.610153890947341071e-02,5.111937010566542483e+01
3.572327460911102435e+02,5.052056184049252829e-02,5.304835058698809291e+01
3.580254404612053918e+02,5.545615493347982872e-02,6.071400168000788256e+01
3.588180626760000109e+02,6.148124145898196252e-02,6.506172069658164503e+01
3.596106127309809608e+02,6.833753633601483135e-02,7.062611061073658902e+01
3.604030906216353856e+02,7.655100191130956300e-02,7.790717232707140738e+01
3.611954963434500314e+02,8.630008969536447083e-02,8.944432625941122694e+01
3.619878298919118151e+02,9.720911229765710759e-02,1.013017275272243296e+02
3.627800912625078240e+02,1.096537571087098234e-01,1.143479339559749093e+02
3.635722804507248043e+02,1.244699285724348570e-01,1.253075815743005990e+02
3.643643974520497864e+02,1.411645369887716273e-01,1.405145899897943025e+02
3.651564422619696870e+02,1.610571843169298911e-01,1.599701456522435024e+02
3.659484148759714230e+02,1.832462208196559139e-01,1.790587613047739239e+02
3.667403152895419680e+02,2.074827536007288475e-01,2.038628153930971223e+02
3.675321434981682955e+02,2.352131791136595207e-01,2.306832189388729546e+02
3.683238994973372087e+02,2.642350300315107203e-01,2.588961374760156673e+02
3.691155832825357379e+02,2.958397317592031395e-01,2.870741846631285057e+02
3.699071948492508000e+02,3.291021540975754278e-01,3.215928948220093844e+02
3.706987341929692548e+02,3.625571162235902700e-01,3.464773297057110426e+02
3.714902013091781896e+02,3.986935470994585340e-01,3.862908845675755742e+02
3.722815961933643507e+02,4.360133932554720593e-01,4.245591242689291107e+02
3.730729188410147117e+02,4.752069802717158731e-01,4.617486978866318736e+02
3.738641692476163598e+02,5.138558205717022043e-01,4.949442796921690046e+02
3.746553474086559845e+02,5.532748200222594726e-01,5.311609431236448700e+02
3.754464533196207299e+02,5.942764026053920512e-01,5.619482271526444492e+02
3.762374869759974558e+02,6.356020155628500090e-01,6.026780317881182327e+02
3.770284483732730223e+02,6.764157544507214403e-01,6.449272517113848835e+02
3.778193375069345166e+02,7.186477132378146226e-01,6.960600746343666287e+02
3.786101543724687417e+02,7.596352075438027596e-01,7.326309371027134603e+02
3.794008989653627282e+02,8.008668986536302548e-01,7.867578582384799120e+02
3.801915712811032790e+02,8.390508258078451798e-01,8.197985118308034771e+02
3.809821713151773679e+02,8.736140657359010575e-01,8.634940923364791843e+02
3.817726990630719683e+02,9.067121248409198975e-01,9.075293438782020985e+02
3.825631545202739972e+02,9.361801045350164330e-01,9.346221482502968456e+02
3.833535376822703711e+02,9.597920570293456688e-01,9.750479103613319012e+02
3.841438485445480637e+02,9.783651023982942174e-01,9.896766277426177112e+02
3.849340871025939919e+02,9.906876488074272125e-01,1.005381290854370491e+03
3.857242533518951291e+02,9.978820623359300201e-01,1.021003310474554723e+03
3.865143472879382784e+02,1.000000000000000000e+00,1.030801707410304971e+03
3.873043689062104136e+02,9.978726701511670960e-01,1.029787497496449532e+03
3.880943182021986217e+02,9.892318601691530988e-01,1.039068674342557415e+03
3.888841951713895924e+02,9.765477146466424729e-01,1.026858948444235011e+03
3.896739998092704127e+02,9.598906749693578710e-01,1.010958717010739292e+03
3.904637321113279995e+02,9.354193375692085866e-01,9.762677450371901386e+02
3.912533920730492696e+02,9.095203880850741829e-01,9.564294223830631836e+02
3.920429796899210828e+02,8.780236964821571677e-01,9.315200266231532851e+02
3.928324949574305265e+02,8.419952757310639191e-01,8.988907553201333940e+02
3.936219378710644037e+02,8.045533311731307702e-01,8.561299200471853510e+02
3.944113084263098017e+02,7.606730439601205873e-01,8.219840691886918194e+02
3.952006066186534099e+02,7.160507741508289614e-01,7.692673137473084353e+02
3.959898324435823724e+02,6.662487144447105658e-01,7.172625112188701451e+02
3.967789858965834355e+02,6.163527328909612635e-01,6.642442623011507976e+02
3.975680669731436865e+02,5.645970987541266695e-01,6.139299532519976310e+02
3.983570756687500420e+02,5.136679768764410570e-01,5.630155326454147371e+02
3.991460119788893053e+02,4.641242022513066834e-01,5.067761932056397995e+02
3.999348758990485635e+02,4.174309557017605865e-01,4.594073655265008824e+02
4.007236674247147334e+02,3.749923688498800201e-01,4.153974723081497018e+02
4.015123865513746182e+02,3.364233621203795987e-01,3.749948532980153004e+02
4.023010332745152482e+02,3.015924449265765528e-01,3.364542873853742435e+02
4.030896075896235402e+02,2.714247474676321215e-01,3.007451204924196304e+02
4.038781094921864110e+02,2.456713768473252901e-01,2.778909678273117265e+02
4.046665389776909478e+02,2.214207557891078593e-01,2.541019677216215484e+02
4.054548960416237833e+02,2.002460752407920763e-01,2.220302682068370643e+02
4.062431806794720046e+02,1.812738620194136452e-01,2.059967172068526224e+02
4.070313928867226423e+02,1.641566052887392380e-01,1.878086459671119712e+02
4.078195326588623857e+02,1.486548043373109029e-01,1.695719906116572986e+02
4.086075999913784358e+02,1.345148701765260801e-01,1.520665972526511212e+02
4.093955948797575388e+02,1.217414988987663427e-01,1.379892749455551098e+02
4.101835173194867252e+02,1.102313764716379013e-01,1.241914248247438337e+02
4.109713673060529686e+02,1.004212394866231539e-01,1.140218838644582320e+02
4.117591448349429584e+02,9.120750623406261026e-02,1.061500235515753445e+02
4.125468499016439523e+02,8.324293355498889324e-02,9.327652437778758099e+01
4.133344825016426398e+02,7.617061842840570918e-02,8.782725943578110162e+01
4.141220426304259945e+02,6.997177648478700163e-02,8.341366794476790858e+01
4.149095302834811037e+02,6.447265230601613439e-02,7.468525624244720973e+01
4.156969454562946567e+02,5.910032262154660265e-02,6.803205126997127650e+01
4.164842881443537976e+02,5.472356452196127513e-02,6.118333106328879722e+01
4.172715583431453297e+02,5.065674851955686425e-02,5.794229888432111863e+01
4.180587560481562264e+02,4.673081528859836936e-02,5.196970271225341520e+01
4.188458812548734613e+02,4.336371705104180574e-02,5.007441961720574852e+01
4.196329339587839513e+02,4.011871721540506697e-02,4.579563297957568579e+01
4.204199141553744994e+02,3.731515006363206322e-02,4.242758536612706877e+01
4.212068218401323065e+02,3.466655396044949350e-02,3.931284777270656861e+01
4.219936570085440621e+02,3.221519373729119645e-02,3.601721810467876139e+01
4.227804196560967398e+02,3.014421699703678792e-02,3.417524689011039385e+01
4.235671097782773131e+02,2.809672071868998117e-02,3.261820810528990222e+01
4.243537273705726989e+02,2.624646032036744361e-02,3.182467596064412518e+01
4.251402724284698706e+02,2.466857328017357104e-02,2.880121525213823475e+01
4.259267449474557452e+02,2.311416670188734881e-02,2.688545145613143816e+01
4.267131449230172393e+02,2.178517255791458107e-02,2.433613568338243738e+01
4.274994723506412697e+02,2.061584555491375453e-02,2.210039592405529874e+01
4.282857272258148100e+02,1.929154750332249049e-02,2.314000864304073701e+01
4.290719095440247770e+02,1.819735797842614994e-02,2.029993842355192868e+01
4.298580193007580306e+02,1.727222777926487943e-02,2.011069367277021414e+01
4.306440564915016012e+02,1.632361711819596550e-02,1.720835552863782425e+01
4.314300211117423487e+02,1.552058532095443137e-02,1.636238063363641615e+01
4.322159131569672468e+02,1.467998478466069935e-02,1.667415665033767169e+01
4.330017326226632690e+02,1.390043344932681384e-02,1.570795976567294261e+01
4.337874795043172185e+02,1.328524534734645476e-02,1.427585373979433925e+01
4.345731537974161824e+02,1.265127287583999414e-02,1.447204201210043450e+01
4.353587554974470208e+02,1.214879099101636578e-02,1.378441148544253458e+01
4.361442845998966504e+02,1.145846541093156236e-02,1.272585949946014594e+01
4.369297411002519880e+02,1.100294444992318266e-02,1.252437623197259242e+01
4.377151249940000639e+02,1.056151176605944417e-02,1.103675676999361954e+01
4.385004362766276813e+02,1.007781425076191388e-02,1.130884609498245830e+01
4.392856749436218138e+02,9.584724550701334556e-03,1.114663626391388007e+01
4.400708409904694349e+02,9.302959007809617070e-03,8.736561108353789962e+00
4.408559344126574615e+02,9.025889557299361654e-03,1.005683846941970216e+01
4.416409552056727534e+02,8.715947460118451950e-03,8.568984770671494999e+00
4.424259033650023412e+02,8.354348346740658043e-03,8.691806486571133306e+00
4.432107788861331414e+02,7.945788309547658843e-03,8.337265738837885465e+00
4.439955817645520710e+02,7.678111043800452465e-03,8.327064308626420441e+00
4.447803119957460467e+02,7.452698609487036149e-03,7.841396559287127310e+00
4.455649695752019852e+02,7.278943191370459802e-03,7.999374975584030878e+00
4.463495544984069170e+02,7.081707311346236572e-03,7.624959016283300528e+00
4.471340667608476451e+02,6.771765214165283500e-03,6.696267617113283777e+00
4.479185063580111432e+02,6.569833241759514067e-03,7.177046746399246224e+00
4.487028732853843849e+02,6.358509084590737229e-03,6.174746958378132256e+00
4.494871675384542300e+02,6.297459883630847355e-03,7.098415316111054807e+00
4.502713891127077090e+02,6.081439634080480945e-03,6.982836100038436911e+00
4.510555380036316819e+02,5.752713167373428062e-03,6.778642932032930446e+00
4.518396142067130654e+02,5.696360058795041890e-03,6.535288822997802782e+00
4.526236177174388899e+02,5.686967874031991985e-03,6.479969135728965490e+00
4.534075485312960723e+02,5.452163254955567397e-03,5.915023245939106111e+00
4.541914066437714155e+02,5.386417961614131319e-03,5.543239125276844703e+00
4.549751920503519500e+02,5.292496113983544657e-03,5.738248861804443379e+00
4.557589047465245358e+02,5.198574266352958863e-03,5.833309523760932258e+00
4.565425447277761464e+02,5.048299310144028530e-03,5.004747745890894883e+00
4.573261119895937554e+02,4.855759522501309003e-03,5.894913061275797617e+00
4.581096065274642797e+02,4.832279060593704621e-03,5.121279137090654743e+00
4.588930283368745791e+02,4.799406413922965332e-03,5.121279137090654743e+00
4.596763774133116840e+02,4.620954903424885282e-03,4.843552415324933413e+00
4.604596537522625113e+02,4.578690071991095220e-03,4.327528162819971769e+00
4.612428573492140913e+02,4.536425240557306025e-03,5.152426612771888514e+00
4.620259881996530567e+02,4.329797175770032890e-03,4.763139720814412392e+00
4.628090462990665515e+02,4.400238561492972669e-03,4.907901792008474651e+00
4.635920316429414356e+02,4.357973730059225975e-03,4.788266909853710729e+00
4.643749442267647396e+02,4.188914404324152463e-03,3.650684867254362143e+00
4.651577840460232665e+02,4.146649572890405769e-03,4.541750763747390174e+00
4.659405510962040466e+02,4.062119910022869013e-03,3.807886552931954327e+00
4.667232453727939401e+02,4.076208187167465989e-03,5.033885179461287329e+00
4.675058668712799772e+02,4.005766801444526209e-03,4.548626166217664135e+00
4.682884155871489611e+02,3.972894154773829421e-03,4.177319714841084775e+00
4.690708915158879790e+02,3.935325415721586430e-03,4.276388663346679664e+00
4.698532946529838910e+02,3.878972307143242759e-03,4.752630850381712513e+00
4.706356249939236136e+02,3.752177812841916808e-03,3.648287269390940057e+00
4.714178825341940069e+02,3.724001258552766223e-03,4.028337125911881422e+00
4.722000672692821013e+02,3.738089535697362766e-03,4.279018579066932837e+00
4.729821791946747567e+02,3.817923106183352885e-03,3.897435053981015862e+00
4.737642183058590035e+02,3.662952057592876350e-03,4.331281565541543088e+00
4.745461845983217017e+02,3.653559872829826444e-03,3.073678577860736727e+00
4.753280780675498249e+02,3.583118487106886230e-03,4.292726406376255355e+00
4.761098987090302899e+02,3.554941932817693578e-03,3.440930106817050582e+00
4.768916465182499564e+02,3.522069286146996790e-03,3.593048844644336715e+00
4.776733214906958551e+02,3.564334117580743484e-03,3.739986630992148342e+00
4.784549236218550732e+02,3.442235715661006671e-03,3.960744879438714783e+00
4.792364529072141863e+02,3.479804454713249662e-03,4.322904116447645606e+00
4.800179093422602250e+02,3.451627900424056577e-03,3.720215047547654752e+00
4.807992929224802765e+02,3.395274791845713340e-03,2.736786436680801682e+00
4.815806036433611439e+02,3.451627900424056577e-03,3.447825401611862350e+00
4.823618415003898576e+02,3.437539623279460034e-03,3.968311983702894175e+00
4.831430064890532776e+02,3.362402145174973617e-03,3.664355332115050157e+00
4.839240986048383206e+02,3.273176389925933592e-03,3.893584466786356391e+00
4.847051178432319603e+02,3.409363068990309883e-03,3.359687485466468004e+00
4.854860641997211133e+02,3.301352944215126678e-03,4.121589499210226215e+00
4.862669376697929238e+02,3.310745128978177017e-03,3.397057550292605921e+00
4.870477382489339107e+02,3.338921683267327169e-03,3.595483277669359268e+00
4.878284659326312180e+02,3.324833406122773127e-03,3.910242959203430679e+00
4.886091207163717627e+02,3.273176389925933592e-03,3.762977544445355704e+00
4.893897025956425182e+02,3.296656851833580475e-03,4.345975149491768441e+00
4.901702115659304582e+02,3.367098237556520254e-03,3.414674215792774969e+00
4.909506476227223288e+02,3.221519373729094058e-03,4.691481642295959986e+00
4.917310107615052175e+02,3.348313868030420009e-03,3.569313659514949943e+00
4.925113009777659840e+02,3.291960759452076772e-03,3.600000000000000533e+00
4.932915182669916021e+02,3.282568574688983932e-03,4.232020793899764932e+00
4.940716626246689884e+02,3.343617775648873372e-03,4.932291556670184818e+00
4.948517340462852303e+02,3.357706052793469915e-03,4.023369234857770316e+00
4.956317325273270171e+02,3.320137313741269424e-03,3.776241517699840955e+00
4.964116580632813225e+02,3.315441221359680720e-03,3.576310948449533456e+00
4.971915106496351200e+02,3.484500547094753365e-03,3.567562192870644466e+00
4.979712902818753264e+02,3.291960759452076772e-03,4.345975149491768441e+00
4.987509969554889722e+02,3.367098237556520254e-03,3.088689042296100418e+00
4.995306306659628603e+02,3.193342819439943473e-03,3.746998799039039429e+00
5.003101914087840214e+02,3.301352944215126678e-03,3.774917217635374911e+00
5.010896791794392584e+02,3.174558449913843228e-03,4.652956049652736681e+00
5.018690939734156586e+02,3.169862357532297024e-03,3.324154027718932536e+00
5.026484357862001957e+02,3.221519373729094058e-03,3.494281041931229570e+00
5.034277046132795590e+02,3.132293618480053599e-03,4.691481642295959986e+00
5.042069004501407790e+02,3.165166265150793322e-03,2.747271373563231034e+00
5.049860232922708860e+02,3.179254542295346930e-03,4.134005321718878356e+00
5.057650731351566833e+02,3.057156140375610117e-03,3.337663853655727486e+00
5.065440499742852012e+02,3.113509248953953354e-03,4.674398357008097804e+00
5.073229538051433565e+02,3.052460047994063914e-03,3.275286247032464182e+00
5.081017846232180091e+02,3.094724879427853109e-03,3.567562192870644466e+00
5.088805424239961326e+02,3.014891308941820489e-03,3.840247387864485162e+00
5.096592272029647575e+02,3.057156140375567616e-03,4.053085244600709736e+00
5.104378389556105731e+02,3.094724879427853109e-03,4.224630161327733724e+00
5.112163776774208941e+02,2.930361646074326667e-03,3.567562192870644466e+00
5.119948433638822394e+02,2.836439798443740438e-03,4.200892762258993329e+00
5.127732360104818099e+02,2.850528075588294047e-03,2.836811590500857072e+00
5.135515556127063519e+02,2.831743706062193802e-03,3.779880950506245618e+00
5.143298021660430095e+02,2.770694505102303928e-03,3.179622619116929449e+00
5.151079756659786426e+02,2.728429673668557234e-03,4.097255178775176532e+00
5.158860761079999975e+02,2.794174967009950810e-03,3.128498042192131567e+00
5.166641034875942751e+02,2.803567151773000716e-03,3.136877428271624524e+00
5.174420578002482216e+02,2.700253119379364148e-03,3.948100809249936116e+00
5.182199390414486970e+02,2.831743706062193802e-03,3.083828789021854977e+00
5.189977472066831297e+02,2.700253119379364148e-03,3.806244868633651190e+00
5.197754822914378110e+02,2.780086689865354267e-03,3.361547262794322144e+00
5.205531442912000557e+02,2.681468749853220968e-03,3.726929030716845226e+00
5.213307332014566100e+02,2.770694505102303928e-03,3.182373328193912609e+00
5.221082490176944475e+02,2.733125766050060936e-03,3.476708213238493883e+00
5.228856917354006555e+02,2.629811733656423935e-03,3.008321791298264714e+00
5.236630613500619802e+02,2.667380472708667360e-03,3.249615361854384599e+00
5.244403578571653952e+02,2.648596103182524180e-03,3.184336665618131779e+00
5.252175812521979879e+02,2.653292195564070817e-03,2.758622844826744913e+00
5.259947315306465043e+02,2.629811733656423935e-03,3.043024810940587965e+00
5.267718086879979182e+02,2.657988287945617020e-03,3.169779172119092880e+00
5.275488127197393169e+02,2.700253119379364148e-03,3.858432324144094760e+00
5.283257436213573328e+02,2.667380472708624425e-03,2.821347195933177066e+00
5.291026013883391670e+02,2.653292195564070817e-03,3.185514087239295744e+00
5.298793860161715656e+02,2.709645304142414054e-03,3.570364127088440753e+00
5.306560975003416161e+02,2.695557026997860445e-03,3.499642838919423404e+00
5.314327358363360645e+02,2.775390597483850565e-03,2.685144316419510790e+00
5.322093010196419982e+02,2.859920260351343953e-03,3.100000000000000533e+00
5.329857930457461634e+02,2.742517950813110842e-03,2.547547840571399380e+00
5.337622119101358749e+02,2.770694505102303928e-03,2.803569153775237854e+00
5.345385576082976513e+02,2.733125766050060936e-03,3.664355332115050157e+00
5.353148301357188075e+02,2.812959336536051055e-03,3.184336665618131779e+00
5.360910294878859759e+02,2.831743706062193802e-03,3.272613634390714843e+00
5.368671556602861301e+02,2.817655428917597259e-03,2.188035648704106606e+00
5.376432086484061301e+02,2.747214043194657479e-03,3.299621190379283586e+00
5.384191884477331769e+02,2.770694505102303928e-03,2.765411361804967161e+00
5.391950950537540166e+02,2.761302320339254022e-03,2.954234249344489971e+00
5.399709284619556229e+02,2.714341396523917756e-03,3.018277654557314449e+00
5.407466886678249693e+02,2.827047613680647598e-03,3.350746185553302059e+00
5.415223756668488022e+02,2.765998412720800225e-03,2.479415253643487915e+00
5.422979894545143225e+02,2.765998412720757724e-03,2.549509756796392246e+00
5.430735300263082763e+02,2.648596103182567114e-03,2.836811590500857072e+00
5.438489973777177511e+02,2.709645304142414054e-03,2.673480877058970417e+00
5.446243915042294930e+02,2.672076565090171062e-03,3.203123475609393811e+00
5.453997124013304756e+02,2.629811733656423935e-03,2.718455443813637462e+00
5.461749600645076725e+02,2.592242994604180943e-03,2.835489375751565344e+00
5.469501344892480574e+02,2.625115641274877731e-03,2.673480877058970417e+00
5.477252356710384902e+02,2.559370347933484155e-03,2.455096739438183295e+00
5.485002636053659444e+02,2.573458625078038197e-03,2.619160170741759330e+00
5.492752182877172800e+02,2.470144592684401195e-03,2.747271373563231034e+00
5.500500997135795842e+02,2.418487576487604162e-03,2.987892233665732977e+00
5.508249078784397170e+02,2.395007114579957713e-03,2.600000000000000089e+00
5.515996427777846520e+02,2.348046190764664382e-03,3.009983388658482806e+00
5.523743044071012491e+02,2.343350098383118179e-03,2.111871208194287419e+00
5.531488927618762546e+02,2.235339973607977475e-03,2.843853020111974939e+00
5.539234078375968693e+02,2.268212620278674263e-03,2.308137777516757971e+00
5.546978496297499532e+02,2.240036065989481177e-03,2.712931993250107698e+00
5.554722181338225937e+02,2.141418125977390813e-03,2.457641145488901113e+00
5.562465133453014232e+02,2.122633756451248067e-03,2.165063509461096825e+00
5.570207352596735291e+02,2.047496278346804584e-03,2.372235232855291365e+00
5.577948838724257712e+02,2.052192370728308287e-03,2.151162476429895332e+00
5.585689591790452369e+02,2.014623631676107796e-03,2.597595041572107633e+00
5.593429611750186723e+02,1.995839262149964616e-03,2.958039891549808065e+00
5.601168898558332785e+02,1.925397876427024837e-03,2.765411361804967161e+00
5.608907452169756880e+02,1.939486153571621380e-03,2.487971060924945466e+00
5.616645272539329881e+02,1.873740860230185086e-03,2.224297641953522309e+00
5.624382359621920386e+02,1.770426827836548518e-03,2.487468592766549857e+00
5.632118713372398133e+02,1.822083844033388052e-03,2.286372673034735126e+00
5.639854333745632857e+02,1.756338550691994693e-03,2.856571371417140348e+00
5.647589220696492021e+02,1.807995566888791509e-03,1.962141687034858473e+00
5.655323374179848770e+02,1.723465904021255187e-03,2.094636006565341102e+00
5.663056794150567157e+02,1.807995566888791509e-03,2.385372088375312671e+00
5.670789480563521465e+02,1.704681534495154941e-03,2.624880949681337672e+00
5.678521433373578020e+02,1.699985442113651239e-03,2.051828452868319275e+00
5.686252652535607695e+02,1.601367502101475439e-03,1.860107523773827376e+00
5.693983138004477951e+02,1.667112795442911733e-03,2.491987158875422548e+00
5.701712889735059662e+02,1.718769811639751484e-03,2.315167380558044830e+00
5.709441907682222563e+02,1.657720610679861610e-03,1.608570794214541300e+00
5.717170191800835255e+02,1.662416703061365313e-03,2.264398374844850181e+00
5.724897742045766336e+02,1.638936241153718647e-03,2.457641145488901557e+00
5.732624558371885541e+02,1.671808887824458153e-03,2.201703885630399427e+00
5.740350640734062608e+02,1.587279224956921614e-03,2.336664289109584125e+00
5.748075989087167272e+02,1.577887040193828774e-03,1.558043645088288409e+00
5.755800603386066996e+02,1.577887040193871491e-03,2.238302928559939176e+00
5.763524483585633789e+02,1.596671409719971737e-03,2.141844999060389387e+00
5.771247629640736250e+02,1.554406578286224826e-03,2.593742469868587364e+00
5.778970041506239568e+02,1.530926116378578377e-03,1.956399754651384937e+00
5.786691719137020300e+02,1.441700361129495418e-03,2.104162541250081286e+00
5.794412662487941361e+02,1.540318301141628283e-03,2.743628983663789711e+00
5.802132871513875898e+02,1.530926116378578377e-03,2.416609194718914111e+00
5.809852346169691373e+02,1.488661284944788749e-03,1.558043645088288409e+00
5.817571086410257521e+02,1.465180823037142083e-03,1.989974874213239930e+00
5.825289092190444080e+02,1.465180823037184801e-03,2.132486811213611944e+00
5.833006363465120785e+02,1.615455779246114699e-03,2.304343724360582435e+00
5.840722900189155098e+02,1.380651160169648261e-03,2.178875856950092338e+00
5.848438702317419029e+02,1.474573007800192206e-03,2.397394418947370376e+00
5.856153769804780040e+02,1.352474605880455176e-03,2.286372673034735126e+00
5.863868102606107868e+02,1.413523806840345049e-03,2.315167380558044830e+00
5.871581700676272249e+02,1.451092545892588258e-03,2.299999999999999822e+00
5.879294563970141780e+02,1.427612083984898875e-03,2.219797288042311134e+00
5.887006692442585063e+02,1.394739437314244804e-03,1.720465053408525291e+00
5.894718086048472969e+02,1.333690236354312213e-03,2.070627924084865512e+00
5.902428744742674098e+02,1.399435529695705789e-03,1.829617446353198451e+00
5.910138668480057049e+02,1.422915991603395172e-03,2.233271143412729476e+00
5.917847857215493832e+02,1.357170698261958878e-03,1.768473918382739596e+00
5.925556310903851909e+02,1.314905866828211967e-03,2.395829710142187707e+00
5.933264029500001016e+02,1.206895742053028979e-03,2.063976744055029400e+00
5.940971012958808615e+02,1.296121497302069221e-03,1.977371993328518762e+00
5.948677261235146716e+02,1.314905866828211967e-03,2.178875856950092782e+00
5.956382774283881645e+02,1.267944943012918853e-03,1.768473918382739596e+00
5.964087552059886548e+02,1.267944943012918853e-03,2.201703885630399427e+00
5.971791594518027750e+02,1.249160573486775890e-03,1.492481155659930003e+00
5.979494901613174989e+02,1.155238725856189228e-03,1.946792233393178195e+00
5.987197473300199135e+02,1.230376203960675645e-03,1.939071942966531514e+00
5.994899309533967653e+02,1.150542633474685526e-03,2.174281490515889814e+00
6.002600410269352551e+02,1.258552758249868730e-03,1.492481155659930003e+00
6.010300775461221292e+02,1.188111372526928734e-03,2.142428528562854595e+00
6.018000405064442475e+02,1.197503557289978857e-03,1.926136028425822211e+00
6.025699299033884699e+02,1.220984019197625522e-03,1.878163997099294713e+00
6.033397457324419975e+02,1.112973894422442317e-03,2.479415253643487915e+00
6.041094879890916900e+02,1.155238725856189228e-03,1.410673597966588311e+00
6.048791566688242938e+02,1.098885617277888492e-03,1.856744462762714321e+00
6.056487517671270098e+02,1.192807464908475154e-03,1.829617446353198673e+00
6.064182732794864705e+02,1.023748139173402292e-03,1.651514456491374627e+00
6.071877212013899907e+02,1.061316878225645501e-03,1.235920709430827547e+00
6.079570955283240892e+02,1.014355954410309452e-03,1.768473918382739596e+00
6.087263962557760806e+02,1.089493432514795652e-03,1.512448346225417461e+00
6.094956233792325975e+02,1.080101247751745529e-03,1.989974874213239708e+00
6.102647768941807271e+02,1.028444231554905995e-03,1.651514456491374405e+00
6.110338567961073295e+02,1.037836416317998835e-03,2.094636006565341102e+00
6.118028630804993782e+02,9.063458296351689647e-04,1.743559577416269546e+00
6.125717957428437330e+02,1.051924693462552660e-03,1.639359631075500090e+00
6.133406547786274814e+02,9.533067534504622957e-04,2.073644135332771921e+00
6.141094401833374832e+02,9.673950305950588385e-04,1.360147050873544261e+00
6.148781519524605983e+02,9.016497372536225446e-04,1.791647286716891774e+00
6.156467900814836867e+02,9.908754925026627865e-04,1.326649916142160102e+00
6.164153545658939493e+02,9.392184763058657529e-04,1.907878402833891540e+00
6.171838454011782460e+02,8.124239820045824111e-04,1.716828471338939677e+00
6.179522625828233231e+02,8.734731829644722849e-04,1.392838827718412054e+00
6.187206061063162679e+02,8.452966286752791993e-04,1.739971264130531825e+00
6.194888759671439402e+02,8.077278896230359910e-04,1.646207763315432837e+00
6.202570721607933137e+02,6.856294877032990693e-04,1.909842925478427933e+00
6.210251946827512484e+02,8.265122591491789539e-04,1.956399754651384937e+00
6.217932435285047177e+02,7.701591505707928911e-04,1.321930406640228650e+00
6.225612186935408090e+02,7.607669658077854859e-04,1.720465053408525291e+00
6.233291201733461548e+02,7.325904115185924003e-04,1.687453703068620525e+00
6.240969479634079562e+02,7.795513353338856229e-04,1.378404875209022107e+00
6.248647020592130730e+02,6.856294877032990693e-04,1.283549765299343726e+00
6.256323824562483651e+02,7.278943191370459802e-04,1.300000000000000266e+00
6.263999891500008061e+02,7.325904115185924003e-04,1.466287829861518066e+00
6.271675221359573698e+02,6.386685638880058467e-04,1.710993863226867528e+00
6.279349814096048021e+02,6.950216724663491920e-04,1.492481155659930003e+00
6.287023669664301906e+02,5.823154553096196754e-04,1.400000000000000133e+00
6.294696788019205087e+02,6.198841943619056013e-04,1.584297951775486268e+00
6.302369169115626164e+02,4.977857924420832445e-04,2.034698994937580441e+00
6.310040812908434873e+02,6.151881019803591812e-04,1.513274595042155779e+00
6.317711719352499813e+02,5.964037324542589358e-04,1.584297951775486046e+00
6.325381888402690720e+02,6.292763791249130064e-04,1.785357107135712607e+00
6.333051320013878467e+02,5.400506238758727645e-04,1.687453703068620525e+00
6.340720014140929379e+02,4.508248686267899135e-04,1.624807680927192299e+00
6.348387970738714330e+02,5.400506238758727645e-04,1.745709025009609228e+00
6.356055189762103055e+02,4.508248686267899135e-04,1.417744687875782672e+00
6.363721671165964153e+02,5.494428086389228872e-04,1.479019945774904032e+00
6.371387414905167361e+02,4.790014229159829991e-04,1.651514456491374627e+00
6.379052420934581278e+02,5.306584391128227503e-04,1.529705854077835658e+00
6.386716689209075639e+02,4.743053305344792966e-04,1.410673597966588755e+00
6.394380219683520181e+02,4.743053305344365790e-04,1.071214264281427520e+00
6.402043012312783503e+02,4.930897000605795420e-04,1.519868415357066294e+00
6.409705067051735341e+02,4.696092381529328764e-04,1.676305461424020926e+00
6.417366383855247705e+02,5.729232705465695527e-04,1.827566688249706806e+00
6.425026962678184645e+02,4.179522219561358971e-04,1.144552314225959710e+00
6.432686803475418174e+02,5.165701619682262075e-04,1.516575088810310001e+00
6.440345906201816888e+02,4.555209610083363336e-04,1.235920709430827547e+00
6.448004270812251661e+02,4.273444067191433022e-04,1.868154169226940331e+00
6.455661897261591093e+02,4.179522219560931795e-04,1.691153452528776358e+00
6.463318785504703783e+02,4.320404991006897223e-04,1.512448346225417461e+00
6.470974935496459466e+02,4.461287762452862109e-04,1.513274595042155557e+00
6.478630347191727878e+02,3.709912981407999027e-04,1.512448346225417461e+00
6.486285020545377620e+02,4.649131457713864563e-04,1.894069692487581058e+00
6.493938955512280700e+02,2.629811733656595239e-04,1.100000000000000089e+00
6.501592152047302307e+02,4.555209610083363336e-04,1.483239697419132641e+00
6.509244610105313313e+02,3.615991133777497800e-04,1.177921898938974588e+00
6.516896329641182319e+02,3.991678524299929341e-04,1.458595214581482225e+00
6.524547310609781334e+02,3.897756676669428114e-04,1.827566688249706583e+00
6.532197552965977820e+02,3.662952057592962002e-04,1.581138830084189761e+00
6.539847056664641514e+02,4.085600371930430568e-04,1.194780314534851895e+00
6.547495821660639876e+02,3.287264667070529918e-04,1.428285685708570174e+00
6.555143847908844918e+02,3.944717600484465140e-04,1.435270009440732464e+00
6.562791135364124102e+02,3.615991133777924976e-04,1.532155344604456237e+00
6.570437683981349437e+02,3.475108362331532372e-04,9.486832980505137680e-01
6.578083493715388386e+02,3.662952057592962002e-04,1.204159457879229622e+00
6.585728564521108410e+02,4.179522219560931795e-04,1.374772708486752260e+00
6.593372896353380384e+02,2.441968038395165609e-04,1.462873883832779498e+00
6.601016489167075179e+02,3.662952057592962002e-04,1.933907960581371377e+00
6.608659342917060258e+02,2.723733581286669290e-04,1.144552314225959710e+00
6.616301457558205357e+02,4.038639448115393543e-04,1.430908802125418600e+00
6.623942833045380212e+02,3.240303743255492893e-04,1.532155344604456237e+00
6.631583469333453422e+02,3.381186514701458321e-04,1.564448784716201635e+00
6.639223366377294724e+02,3.099420971809100831e-04,1.260952021291849023e+00
6.646862524131774990e+02,3.099420971809100831e-04,1.486606874731850603e+00
6.654500942551760545e+02,4.132561295745894770e-04,1.630950643030009140e+00
6.662138621592123400e+02,2.535889886025666836e-04,1.194780314534851895e+00
6.669775561207731016e+02,3.522069286146996573e-04,1.593737745050922916e+00
6.677411761353453130e+02,2.535889886025666836e-04,1.661324772583615106e+00
6.685047221984159478e+02,2.864616352733061352e-04,1.777638883463117825e+00
6.692681943054717522e+02,2.723733581287095923e-04,1.881488772222677852e+00
6.700315924520000408e+02,2.207163419319126130e-04,1.382027496108525488e+00
6.707949166334874462e+02,3.428147438516495346e-04,9.096702699330125874e-01
6.715581668454210558e+02,2.254124343134163155e-04,1.796524422322168357e+00
6.723213430832875019e+02,3.428147438516495346e-04,1.337908816025965342e+00
6.730844453425742131e+02,2.301085266949627357e-04,1.796524422322168135e+00
6.738474736187678218e+02,2.911577276548098377e-04,1.624807680927192077e+00
6.746104279073551879e+02,2.629811733656595239e-04,1.728438601744360481e+00
6.753733082038233988e+02,2.488928962210629810e-04,1.283549765299343726e+00
6.761361145036593143e+02,1.643632333535264959e-04,1.525614630239235936e+00
6.768988468023497944e+02,2.301085266949200181e-04,1.444818327679988856e+00
6.776615050953820401e+02,3.428147438516495346e-04,1.013656746635664740e+00
6.784240893782426838e+02,2.160202495503662200e-04,1.048808848170151631e+00
6.791865996464188129e+02,2.535889886025666836e-04,1.314343942809491628e+00
6.799490358953974010e+02,2.019319724057269596e-04,1.763519208854839926e+00
6.807113981206650806e+02,2.254124343134163155e-04,1.409787217987168439e+00
6.814736863177092800e+02,1.361866790643334645e-04,1.568438714135812262e+00
6.822359004820166319e+02,2.160202495503235024e-04,1.883480820183736526e+00
6.829980406090738825e+02,1.925397876427195544e-04,1.639359631075500090e+00
6.837601066943683463e+02,1.596671409719801029e-04,1.280624847486569795e+00
6.845220987333867697e+02,1.690593257350729160e-04,8.602325267042627566e-01
6.852840167216160125e+02,2.770694505102132949e-04,1.220655561573370296e+00
6.860458606545431621e+02,2.441968038395165609e-04,1.300000000000000044e+00
6.868076305276550784e+02,1.690593257350301985e-04,1.499166435056495050e+00
6.875693263364387349e+02,2.348046190764664382e-04,1.558043645088288409e+00
6.883309480763808779e+02,2.441968038395165609e-04,1.935846068260593800e+00
6.890924957429688220e+02,2.066280647873160973e-04,1.395528573695286267e+00
6.898539693316891999e+02,1.408827714458798575e-04,1.655294535724685101e+00
6.906153688380289850e+02,2.348046190764664382e-04,1.410673597966588755e+00
6.913766942574749237e+02,1.878436952611731614e-04,1.627114009527298233e+00
6.921379455855144442e+02,2.207163419318699225e-04,1.745709025009609228e+00
6.928991228176340655e+02,2.676772657471632264e-04,1.414213562373095145e+00
6.936602259493208749e+02,2.254124343134163155e-04,1.314343942809491628e+00
6.944212549760617321e+02,2.254124343134163155e-04,1.152171862180291217e+00
6.951822098933436109e+02,1.784515104981230387e-04,1.512448346225417461e+00
6.959430906966534849e+02,2.348046190764664382e-04,1.568438714135812262e+00
6.967038973814782139e+02,1.127062171566868125e-04,1.492481155659930003e+00
6.974646299433048853e+02,2.911577276548525553e-04,1.144552314225959710e+00
6.982252883776201315e+02,1.502749562089299802e-04,1.681517172080023936e+00
6.989858726799111537e+02,2.254124343134163155e-04,1.640121946685672683e+00
6.997463828456649253e+02,1.314905866827870444e-04,1.469693845669906906e+00
7.005068188703680789e+02,1.596671409719801029e-04,1.396424004376894068e+00
7.012671807495077019e+02,2.207163419319126130e-04,1.630950643030009140e+00
7.020274684785707677e+02,1.784515104981230387e-04,1.581138830084189761e+00
7.027876820530441364e+02,2.582850809841131037e-04,1.382027496108525488e+00
7.035478214684148952e+02,1.220984019197796392e-04,1.620956507744732988e+00
7.043078867201696767e+02,2.817655428917597150e-04,1.500000000000000000e+00
7.050678778037956818e+02,1.878436952611731614e-04,1.910497317454280086e+00
7.058277947147798841e+02,2.113241571688197998e-04,1.757839583124694682e+00
7.065876374486090299e+02,1.361866790643334645e-04,1.090871211463571466e+00
7.073474060007699791e+02,1.596671409719801029e-04,1.187434208703791683e+00
7.081071003667500463e+02,1.502749562089299802e-04,1.177921898938974588e+00
7.088667205420357504e+02,1.549710485904764003e-04,1.107925990308016750e+00
7.096262665221142925e+02,1.925397876427195544e-04,1.449137674618943938e+00
7.103857383024723049e+02,1.361866790643334645e-04,9.486832980505137680e-01
7.111451358785971024e+02,1.690593257350729160e-04,1.760681686165900928e+00
7.119044592459753176e+02,2.066280647872733797e-04,1.739971264130531825e+00
7.126637084000939240e+02,1.737554181165766186e-04,1.669580785706400006e+00
7.134228833364400089e+02,8.452966286753645802e-05,1.395528573695286267e+00
7.141819840505004322e+02,1.972358800242232570e-04,1.423903086589814571e+00
7.149410105377621676e+02,1.080101247751831100e-04,1.589811309558464725e+00
7.156999627937120749e+02,1.549710485904764003e-04,1.300000000000000044e+00
7.164588408138370141e+02,1.643632333535264959e-04,1.288409872672512613e+00
7.172176445936240725e+02,1.455788638274262776e-04,1.444818327679988856e+00
7.179763741285599963e+02,2.207163419318699225e-04,1.452583904633395040e+00
7.187350294141319864e+02,1.878436952611731614e-04,1.669580785706400006e+00
7.194936104458267891e+02,1.549710485904764003e-04,1.699264546796642961e+00
7.202521172191312644e+02,2.817655428919305853e-05,1.512448346225417461e+00
7.210105497295326131e+02,1.502749562089726978e-04,1.499166435056495050e+00
7.217689079725175816e+02,-1.408827714459652926e-05,1.178982612255159657e+00
7.225271919435730297e+02,1.596671409720227934e-04,1.067707825203131122e+00
7.232854016381859310e+02,8.452966286753645802e-05,1.525614630239235714e+00
7.240435370518434866e+02,1.033140323936366898e-04,8.529361054615991478e-01
7.248015981800323289e+02,1.502749562089299802e-04,1.479864858694874385e+00
7.255595850182393178e+02,7.044138572293992876e-05,1.134680571791021775e+00
7.263174975619517681e+02,1.784515104981230387e-04,1.090871211463571466e+00
7.270753358066563123e+02,1.127062171566868125e-04,1.519868415357066294e+00
7.278330997478398103e+02,1.408827714458798575e-04,2.056088519495208544e+00
7.285907893809895768e+02,6.104920095988981962e-05,1.319090595827292267e+00
7.293484047015921306e+02,1.784515104981230387e-04,1.558043645088288409e+00
7.301059457051346726e+02,4.696092381529329036e-05,1.532155344604456237e+00
7.308634123871039492e+02,6.574529334139352218e-05,1.392838827718412054e+00
7.316208047429871613e+02,1.549710485904764003e-04,1.319090595827292267e+00
7.323781227682709414e+02,4.696092381503702562e-06,1.356465996625053849e+00
7.331353664584423768e+02,1.737554181165766186e-04,1.558043645088288409e+00
7.338925358089883275e+02,2.817655428919305853e-05,1.224744871391588941e+00
7.346496308153957671e+02,1.502749562089299802e-04,1.651514456491374627e+00
7.354066514731516691e+02,2.348046190764664518e-05,1.363818169698585603e+00
7.361635977777428934e+02,1.033140323936366898e-04,1.702938636592639998e+00
7.369204697246563001e+02,1.033140323936366898e-04,1.545962483374030860e+00
7.376772673093790900e+02,1.220984019197369217e-04,1.208304597359457278e+00
7.384339905273980094e+02,8.922575524904016058e-05,1.199999999999999956e+00
7.391906393741999182e+02,1.502749562089299802e-04,1.981792118260641278e+00
7.399472138452720174e+02,1.878436952614294262e-05,1.562049935181331062e+00
7.407037139361009395e+02,1.267944943012833418e-04,1.615549442140351344e+00
7.414601396421737718e+02,1.878436952610023183e-05,1.558043645088288409e+00
7.422164909589772606e+02,9.392184763058658071e-05,1.423903086589814571e+00
7.429727678819986068e+02,1.267944943013260594e-04,1.417744687875782672e+00
7.437289704067245566e+02,5.635310857834340627e-05,1.829617446353198451e+00
7.444850985286421974e+02,1.549710485904336828e-04,1.657558445425077798e+00
7.452411522432383890e+02,-3.287264667073947188e-05,8.426149773176360158e-01
7.459971315459998777e+02,1.220984019197796392e-04,1.360147050873544261e+00
7.467530364324139782e+02,3.756873905224317444e-05,1.314343942809491628e+00
7.475088668979673230e+02,1.878436952611731614e-04,1.620956507744732988e+00
7.482646229381469993e+02,1.033140323936366898e-04,1.589811309558464725e+00
7.490203045484398672e+02,1.127062171566868125e-04,1.235920709430827547e+00
7.497759117243327864e+02,1.314905866828297619e-04,1.235920709430827547e+00
7.505314444613127307e+02,3.287264667069676109e-05,1.314343942809491628e+00
7.512869027548667873e+02,1.174023095382332191e-04,1.568438714135812262e+00
7.520422866004815887e+02,4.696092381529329036e-05,1.465435088975284517e+00
7.527975959936443360e+02,1.408827714458798575e-04,1.640121946685672683e+00
7.535528309298420027e+02,1.174023095382332191e-04,1.739971264130531825e+00
7.543079914045612213e+02,1.831476028796267413e-04,1.627114009527298011e+00
7.550630774132890792e+02,1.220984019197796392e-04,1.152171862180291217e+00
7.558180889515127774e+02,1.033140323936366898e-04,1.373863166403408664e+00
7.565730260147188346e+02,1.455788638273835601e-04,1.321930406640228650e+00
7.573278885983942246e+02,4.226483143374687700e-05,1.661324772583615106e+00
7.580826766980261482e+02,1.690593257350301985e-04,1.503329637837290900e+00
7.588373903091013517e+02,4.696092381529329036e-05,1.152171862180291217e+00
7.595920294271066950e+02,1.455788638273835601e-04,1.589811309558464725e+00
7.603465940475293792e+02,1.831476028796694589e-04,1.122497216032182443e+00
7.611010841658560366e+02,7.513747810444363132e-05,1.620956507744732988e+00
7.618554997775737547e+02,1.220984019197796392e-04,1.363818169698585603e+00
7.626098408781695071e+02,1.033140323936366898e-04,9.949874371066198542e-01
7.633641074631300398e+02,7.983357048599005145e-05,1.657558445425077576e+00
7.641182995279425541e+02,8.452966286749375401e-05,1.395528573695286267e+00
7.648724170680937959e+02,4.696092381529329036e-05,1.203120941551596657e+00
7.656264600790706254e+02,1.220984019197796392e-04,1.388344337691482355e+00
7.663804285563602434e+02,8.452966286753645802e-05,1.409787217987168439e+00
7.671343224954492825e+02,6.574529334139352218e-05,1.177921898938974588e+00
7.678881418918249437e+02,1.220984019197796392e-04,1.702938636592639998e+00
7.686418867409739732e+02,1.033140323936366898e-04,1.462873883832779498e+00
7.693955570383833447e+02,9.861794001209028327e-05,1.417744687875782672e+00
7.701491527795400316e+02,6.104920095988981962e-05,1.445683229480096310e+00
7.709026739599310076e+02,6.574529334143622619e-05,1.160818676624389978e+00
7.716561205750431327e+02,1.174023095382332191e-04,1.700000000000000178e+00
7.724094926203632667e+02,1.267944943012833418e-04,1.512448346225417461e+00
7.731627900913784970e+02,5.165701619683970371e-05,1.203120941551596657e+00
7.739160129835755697e+02,4.696092381546413351e-06,8.874119674649424416e-01
7.746691612924415722e+02,1.408827714458798575e-04,1.768473918382739596e+00
7.754222350134633643e+02,-1.878436952610023183e-05,1.516575088810310001e+00
7.761752341421280335e+02,1.314905866828297619e-04,1.894069692487581058e+00
7.769281586739222121e+02,7.044138572293992876e-05,1.545153714036244352e+00
7.776810086043331012e+02,8.452966286753645802e-05,1.224744871391588941e+00
7.784337839288474470e+02,1.643632333535264959e-04,1.651514456491374627e+00
7.791864846429524505e+02,4.226483143378958779e-05,1.503329637837290900e+00
7.799391107421348579e+02,1.596671409719801029e-04,1.283549765299343726e+00
7.806916622218815291e+02,1.408827714455381848e-05,1.363818169698585603e+00
7.814441390776793241e+02,1.878436952611731614e-04,1.458595214581482225e+00
7.821965413050154439e+02,2.348046190764664518e-05,1.525614630239235936e+00
7.829488688993767482e+02,1.174023095382332191e-04,1.219631091765046804e+00
7.837011218562499835e+02,9.861794001213298729e-05,1.565247584249852775e+00
7.844533001711223505e+02,7.044138572293992876e-05,1.596871942267131139e+00
7.852054038394805957e+02,5.635310857834340627e-05,1.160818676624389978e+00
7.859574328568116925e+02,6.574529334143622619e-05,1.044030650891055068e+00
7.867093872186025010e+02,1.267944943012833418e-04,1.479019945774904032e+00
7.874612669203403357e+02,4.696092381503702562e-06,1.525614630239235936e+00
7.882130719575116018e+02,9.392184763058658071e-05,1.532970971675589267e+00
7.889648023256033866e+02,5.635310857834340627e-05,1.657558445425077798e+00
7.897164580201028912e+02,2.817655428919305853e-05,1.177921898938974588e+00
7.904680390364967479e+02,1.408827714455381848e-05,1.499166435056495050e+00
7.912195453702719306e+02,4.696092381529329036e-05,1.627882059609970566e+00
7.919709770169156400e+02,1.033140323936366898e-04,1.627114009527298011e+00
7.927223339719143951e+02,5.165701619679699292e-05,1.492481155659930003e+00
7.934736162307553968e+02,5.635310857834340627e-05,1.396424004376894068e+00
7.942248237889255051e+02,2.817655428919305853e-05,1.224744871391588941e+00
7.949759566419116936e+02,7.044138572293992876e-05,1.529705854077835658e+00
7.957270147852009359e+02,4.226483143378958779e-05,1.503329637837290900e+00
7.964779982142800918e+02,9.861794001213298729e-05,1.499166435056495050e+00
7.972289069246359077e+02,1.127062171566868125e-04,1.500000000000000000e+00
7.979797409117555844e+02,7.044138572293992876e-05,1.319090595827291823e+00
7.987305001711259820e+02,5.165701619683970371e-05,1.152171862180291217e+00
7.994811846982340739e+02,3.756873905220046365e-05,1.321930406640228650e+00
8.002317944885667202e+02,-1.878436952614294262e-05,1.321930406640228650e+00
8.009823295376107808e+02,4.696092381529329036e-05,1.178982612255159657e+00
8.017327898408532292e+02,8.452966286753645802e-05,1.565247584249852775e+00
8.024831753937811527e+02,4.696092381503702562e-06,1.687453703068620747e+00
8.032334861918815250e+02,1.267944943013260594e-04,1.627114009527298011e+00
8.039837222306409785e+02,0.000000000000000000e+00,1.577973383805950203e+00
8.047338835055466006e+02,8.922575524904016058e-05,1.452583904633395040e+00
8.054839700120852513e+02,6.574529334143622619e-05,1.558043645088288409e+00
8.062339817457440176e+02,7.044138572293992876e-05,1.651514456491374627e+00
8.069839187020097597e+02,2.817655428915034774e-05,1.532155344604456459e+00
8.077337808763693374e+02,8.452966286753645802e-05,1.529705854077835658e+00
8.084835682643097243e+02,1.033140323936366898e-04,1.243985530462472955e+00
8.092332808613178941e+02,2.817655428919305853e-05,1.351850583459577537e+00
8.099829186628807065e+02,1.502749562089726978e-04,1.532155344604456237e+00
8.107324816644852490e+02,1.878436952610023183e-05,2.073644135332771921e+00
8.114819698616182677e+02,7.983357048603275546e-05,1.243985530462472955e+00
8.122313832497668500e+02,-8.922575524908287815e-05,1.199999999999999956e+00
8.129807218244177420e+02,6.104920095988981962e-05,1.183215956619923181e+00
8.137299855810580311e+02,2.348046190764664518e-05,1.203120941551596657e+00
8.144791745151745772e+02,7.983357048599005145e-05,1.321930406640228650e+00
8.152282886222543539e+02,8.922575524904016058e-05,1.458595214581482225e+00
8.159773278977842210e+02,2.817655428919305853e-05,1.577973383805950203e+00
8.167262923372512660e+02,1.220984019197796392e-04,1.620956507744732988e+00
8.174751819361421212e+02,0.000000000000000000e+00,1.219631091765046804e+00
8.182239966899441015e+02,9.392184763058658071e-05,1.716828471338939677e+00
8.189727365941439530e+02,4.226483143374687700e-05,1.867484939698309754e+00
8.197214016442286493e+02,7.513747810444363132e-05,1.435270009440732464e+00
8.204699918356850503e+02,4.696092381529329036e-05,8.874119674649424416e-01
8.212185071640000160e+02,7.983357048599005145e-05,1.496662954709576665e+00
8.219669476246606337e+02,7.044138572293992876e-05,1.321930406640228650e+00
8.227153132131538769e+02,6.104920095988981962e-05,1.107925990308016750e+00
8.234636039249663781e+02,1.408827714458798575e-04,1.374772708486752260e+00
8.242118197555853385e+02,5.165701619683970371e-05,1.303840481040529742e+00
8.249599607004977315e+02,3.287264667069676109e-05,1.363818169698585603e+00
8.257080267551903034e+02,7.044138572293992876e-05,1.321930406640228650e+00
8.264560179151501416e+02,1.267944943012833418e-04,1.414213562373095145e+00
8.272039341758642195e+02,2.348046190764664518e-05,1.846618531261938534e+00
8.279517755328191697e+02,8.452966286753645802e-05,1.669580785706400006e+00
8.286995419815020796e+02,4.226483143374687700e-05,1.444818327679988856e+00
8.294472335173999227e+02,2.817655428915034774e-05,1.763519208854839926e+00
8.301948501359996726e+02,3.287264667069676109e-05,1.235920709430827547e+00
8.309423918327881893e+02,4.226483143378958779e-05,1.235920709430827547e+00
8.316898586032523326e+02,1.314905866827870444e-04,1.100000000000000089e+00
8.324372504428791899e+02,2.348046190764664518e-05,1.178982612255159657e+00
8.331845673471557348e+02,9.392184763058658071e-05,1.681517172080023936e+00
8.339318093115685997e+02,2.817655428919305853e-05,1.275735082217307248e+00
8.346789763316050994e+02,7.513747810448634888e-05,1.430908802125418600e+00
8.354260684027519801e+02,3.287264667069676109e-05,1.702938636592639998e+00
8.361730855204961017e+02,1.127062171567295166e-04,1.029563014098699991e+00
8.369200276803243241e+02,2.817655428919305853e-05,1.243985530462472955e+00
8.376668948777238484e+02,5.635310857834340627e-05,1.729161646579058464e+00
8.384136871081815343e+02,1.220984019197796392e-04,1.373863166403408664e+00
8.391604043671841282e+02,4.226483143378958779e-05,1.670329308849006766e+00
8.399070466502187173e+02,8.452966286753645802e-05,1.177921898938974588e+00
8.406536139527722753e+02,-9.392184763050115913e-06,1.023474474522936051e+00
8.414001062703315483e+02,6.574529334139352218e-05,1.235920709430827547e+00
8.421465235983837374e+02,-1.408827714459652926e-05,1.615549442140351344e+00
8.428928659324155888e+02,4.696092381529329036e-05,1.187434208703791683e+00
8.436391332679140760e+02,2.348046190764664518e-05,1.964688270438849971e+00
8.443853256003660590e+02,9.392184763058658071e-05,1.113552872566004215e+00
8.451314429252585114e+02,1.174023095382332191e-04,1.013656746635664518e+00
8.458774852380784068e+02,8.922575524908287815e-05,1.321930406640228650e+00
8.466234525343127189e+02,8.452966286753645802e-05,1.681517172080023936e+00
8.473693448094483074e+02,3.756873905224317444e-05,1.374772708486752038e+00
8.481151620589720324e+02,6.104920095988981962e-05,1.496662954709576665e+00
8.488609042783709810e+02,3.287264667073947188e-05,1.417744687875782672e+00
8.496065714631318997e+02,3.756873905220046365e-05,1.657558445425077576e+00
8.503521636087419893e+02,5.635310857834340627e-05,1.410673597966588755e+00
8.510976807106879960e+02,9.392184763058658071e-05,1.382027496108525488e+00
8.518431227644570072e+02,1.267944943012833418e-04,1.492481155659930003e+00
8.525884897655355417e+02,4.696092381529329036e-05,1.624807680927192299e+00
8.533337817094109141e+02,-9.392184763050115913e-06,1.492481155659930003e+00
8.540789985915700981e+02,4.696092381503702562e-06,1.714642819948224872e+00
8.548241404074997263e+02,6.574529334143622619e-05,1.496662954709576665e+00
8.555692071526869995e+02,7.983357048599005145e-05,1.458595214581482225e+00
8.563141988226186641e+02,-4.696092381546413351e-06,1.796524422322168357e+00
8.570591154127818072e+02,1.643632333535264959e-04,1.658312395177699905e+00
8.578039569186632889e+02,5.635310857834340627e-05,1.013656746635664518e+00
8.585487233357500827e+02,0.000000000000000000e+00,1.423903086589814349e+00
8.592934146595289349e+02,1.033140323936366898e-04,1.388344337691482133e+00
8.600380308854870464e+02,7.044138572293992876e-05,1.525614630239235936e+00
8.607825720091111634e+02,1.737554181165766186e-04,1.458595214581482225e+00
8.615270380258882597e+02,1.080101247751403924e-04,1.486606874731850603e+00
8.622714289313053087e+02,1.408827714459652926e-05,1.283549765299343726e+00
8.630157447208490566e+02,1.502749562089299802e-04,1.220655561573370296e+00
8.637599853900069320e+02,5.635310857834340627e-05,1.283549765299343726e+00
8.645041509342652262e+02,1.127062171566868125e-04,1.462873883832779498e+00
8.652482413491113675e+02,2.817655428915034774e-05,1.363818169698585603e+00
8.659922566300319886e+02,1.314905866828297619e-04,1.661324772583615106e+00
8.667361967725141767e+02,5.635310857834340627e-05,1.819340539866025175e+00
8.674800617720449054e+02,1.267944943012833418e-04,1.071214264281427520e+00
8.682238516241109210e+02,9.861794001213298729e-05,2.170253441421070129e+00
8.689675663241991970e+02,7.513747810448634888e-05,1.204159457879229622e+00
8.697112058677968207e+02,8.452966286753645802e-05,1.685229954635272032e+00
8.704547702503904247e+02,3.756873905224317444e-05,1.423903086589814571e+00
8.711982594674674374e+02,1.878436952611731614e-04,1.090871211463571466e+00
8.719416735145142638e+02,5.635310857834340627e-05,1.458595214581482225e+00
8.726850123870182188e+02,9.861794001209028327e-05,1.392838827718412054e+00
8.734282760804659347e+02,5.165701619683970371e-05,1.639359631075500090e+00
8.741714645903447263e+02,1.080101247751403924e-04,1.268857754044952157e+00
8.749145779121411124e+02,1.408827714458798575e-04,2.006863224038947457e+00
8.756576160413422940e+02,6.574529334143622619e-05,1.199999999999999956e+00
8.764005789734350174e+02,9.392184763058658071e-05,1.452583904633395040e+00
8.771434667039063697e+02,2.348046190764664518e-05,1.382027496108525488e+00
8.778862792282430974e+02,8.452966286749375401e-05,1.321930406640228650e+00
8.786290165419322875e+02,8.452966286753645802e-05,1.445683229480096310e+00
8.793716786404609138e+02,7.983357048599005145e-05,1.907878402833891318e+00
8.801142655193158362e+02,1.080101247751831100e-04,1.946792233393178195e+00
8.808567771739840282e+02,-4.696092381503702562e-06,1.194780314534851895e+00
8.815992135999522361e+02,3.756873905224317444e-05,1.791647286716891774e+00
8.823415747927077746e+02,4.226483143374687700e-05,1.525614630239235936e+00
8.830838607477371625e+02,1.408827714458798575e-04,1.529705854077835658e+00
8.838260714605276007e+02,5.635310857834340627e-05,1.444818327679988856e+00
8.845682069265657219e+02,1.174023095382332191e-04,1.639359631075500090e+00
8.853102671413388407e+02,7.044138572293992876e-05,1.243985530462472955e+00
8.860522521003337033e+02,6.574529334143622619e-05,1.382027496108525488e+00
8.867941617990372833e+02,-1.878436952614294262e-05,1.589811309558464725e+00
8.875359962329363270e+02,9.392184763050115913e-06,1.264911064067351765e+00
8.882777553975179217e+02,1.127062171566868125e-04,1.345362404707371118e+00
8.890194392882691545e+02,1.127062171567295166e-04,1.499166435056495050e+00
8.897610479006766582e+02,6.574529334139352218e-05,1.259960316835415206e+00
8.905025812302277473e+02,1.127062171566868125e-04,9.937303457175895582e-01
8.912440392724088269e+02,8.452966286753645802e-05,1.356465996625053849e+00
8.919854220227073256e+02,9.392184763058658071e-05,1.194780314534851895e+00
8.927267294766098757e+02,3.756873905224317444e-05,1.496662954709576665e+00
8.934679616296034510e+02,6.104920095988981962e-05,1.525614630239235936e+00
8.942091184771750250e+02,1.314905866827870444e-04,1.203120941551596657e+00
8.949502000148115712e+02,-2.348046190764664518e-05,1.107925990308016972e+00
8.956912062380000634e+02,5.165701619683970371e-05,1.268857754044952157e+00
8.964321371422272478e+02,8.922575524908287815e-05,1.363818169698585603e+00
8.971729927229800978e+02,2.348046190764664518e-05,1.388344337691482133e+00
8.979137729757458146e+02,7.983357048599005145e-05,1.529705854077835658e+00
8.986544778960111444e+02,8.452966286753645802e-05,1.532970971675589267e+00
8.993951074792628333e+02,1.737554181166193362e-04,1.321930406640228650e+00
9.001356617209879687e+02,3.756873905220046365e-05,1.359227721906818731e+00
9.008761406166736379e+02,1.080101247751831100e-04,1.042832680730710448e+00
9.016165441618064733e+02,9.392184763058658071e-05,1.486606874731850603e+00
9.023568723518736761e+02,4.696092381529329036e-05,1.564448784716201635e+00
9.030971251823619923e+02,9.861794001213298729e-05,1.596871942267131139e+00
9.038373026487583957e+02,2.817655428919305853e-05,1.714642819948224872e+00
9.045774047465499734e+02,8.452966286749375401e-05,1.596088969951236836e+00
9.053174314712234718e+02,1.549710485904764003e-04,1.868154169226940553e+00
9.060573828182660918e+02,1.455788638273835601e-04,1.430908802125418600e+00
9.067972587831642386e+02,1.033140323936366898e-04,1.800000000000000266e+00
9.075370593614053405e+02,1.220984019197369217e-04,1.661324772583615106e+00
9.082767845484761438e+02,1.831476028796267413e-04,1.612451549659710048e+00
9.090164343398635083e+02,1.408827714458798575e-04,1.243985530462472955e+00
9.097560087310545214e+02,1.455788638274262776e-04,1.122497216032182443e+00
9.104955077175360429e+02,1.267944943012833418e-04,1.552417469626002466e+00
9.112349312947949329e+02,1.455788638274262776e-04,1.620956507744732988e+00
9.119742794583182786e+02,9.861794001213298729e-05,1.071214264281427520e+00
9.127135522035928261e+02,9.392184763058658071e-05,1.374772708486752038e+00
9.134527495261058903e+02,1.127062171566868125e-04,1.374772708486752260e+00
9.141918714213437624e+02,8.452966286749375401e-05,1.627114009527298233e+00
9.149309178847939847e+02,1.408827714458798575e-04,1.219631091765046804e+00
9.156698889119430760e+02,1.549710485904764003e-04,1.676305461424020926e+00
9.164087844982781235e+02,1.596671409719801029e-04,1.639359631075500090e+00
9.171476046392862145e+02,1.033140323936794074e-04,9.733961166965893197e-01
9.178863493304540953e+02,1.314905866828297619e-04,1.483239697419132641e+00
9.186250185672686257e+02,8.922575524904016058e-05,1.562049935181331062e+00
9.193636123452168931e+02,8.452966286749375401e-05,1.345362404707371118e+00
9.201021306597857574e+02,1.596671409719801029e-04,1.378404875209022107e+00
9.208405735064621922e+02,1.972358800242232570e-04,1.187434208703791683e+00
9.215789408807333984e+02,1.455788638273835601e-04,1.178982612255159657e+00
9.223172327780856676e+02,2.160202495503235024e-04,1.720465053408525291e+00
9.230554491940064281e+02,7.983357048599005145e-05,1.259960316835415206e+00
9.237935901239824261e+02,1.549710485904764003e-04,1.897366596101027536e+00
9.245316555635006353e+02,1.267944943012833418e-04,1.410673597966588755e+00
9.252696455080480291e+02,1.690593257350301985e-04,1.400000000000000133e+00
9.260075599531114676e+02,1.737554181165766186e-04,1.183215956619923181e+00
9.267453988941779244e+02,7.044138572293992876e-05,1.577181029558750280e+00
9.274831623267343730e+02,1.643632333535264959e-04,1.788854381999831711e+00
9.282208502462676734e+02,1.314905866828297619e-04,1.378404875209022107e+00
9.289584626482647991e+02,2.254124343133736251e-04,1.873499399519519271e+00
9.296959995282127238e+02,9.861794001213298729e-05,1.483239697419132641e+00
9.304334608815981937e+02,7.044138572293992876e-05,1.691153452528776358e+00
9.311708467039082961e+02,1.361866790643334645e-04,1.388344337691482355e+00
9.319081569906300047e+02,8.452966286753645802e-05,1.525614630239235936e+00
9.326453917372499518e+02,1.831476028796694589e-04,1.640121946685672683e+00
9.333825509392555659e+02,1.267944943012833418e-04,1.107925990308016972e+00
9.341196345921333659e+02,1.314905866828297619e-04,1.589811309558464725e+00
9.348566426913704390e+02,1.033140323936366898e-04,1.107925990308016972e+00
9.355935752324537589e+02,1.690593257350301985e-04,1.558043645088288409e+00
9.363304322108701854e+02,9.861794001213298729e-05,1.314343942809491406e+00
9.370672136221068058e+02,1.831476028796267413e-04,1.577181029558750280e+00
9.378039194616502527e+02,1.502749562089299802e-04,1.655294535724685101e+00
9.385405497249877271e+02,1.267944943012833418e-04,1.410673597966588755e+00
9.392771044076059752e+02,1.267944943012833418e-04,1.699999999999999956e+00
9.400135835049920843e+02,6.574529334139352218e-05,1.307669683062202104e+00
9.407499870126328005e+02,1.361866790643334645e-04,1.802775637731994562e+00
9.414863149260152113e+02,1.220984019197796392e-04,1.178982612255159657e+00
9.422225672406261765e+02,1.502749562089299802e-04,1.160818676624389978e+00
9.429587439519527834e+02,1.033140323936366898e-04,1.299038105676658006e+00
9.436948450554816645e+02,2.254124343134163155e-04,1.423903086589814571e+00
9.444308705467001346e+02,7.983357048599005145e-05,1.428285685708570174e+00
9.451668204210948261e+02,1.784515104981230387e-04,1.739971264130531825e+00
9.459026946741527127e+02,1.596671409719801029e-04,1.749285568453590178e+00
9.466384933013608816e+02,2.488928962210629810e-04,1.373863166403408664e+00
9.473742162982060790e+02,1.455788638274262776e-04,1.562049935181331062e+00
9.481098636601752787e+02,1.643632333535264959e-04,1.545962483374030860e+00
9.488454353827554542e+02,2.066280647872733797e-04,1.194780314534851895e+00
9.495809314614335790e+02,1.549710485904764003e-04,1.458595214581482225e+00
9.503163518916965131e+02,2.207163419318699225e-04,1.307669683062202104e+00
9.510516966690312302e+02,7.044138572293992876e-05,1.639359631075500090e+00
9.517869657889247037e+02,2.817655428917597150e-04,1.867484939698309754e+00
9.525221592468637937e+02,1.455788638274262776e-04,1.728438601744360481e+00
9.532572770383353600e+02,2.254124343134163155e-04,1.116915395184433946e+00
9.539923191588264899e+02,1.643632333535264959e-04,1.651514456491374627e+00
9.547272856038240434e+02,1.831476028796267413e-04,2.006863224038947457e+00
9.554621763688148803e+02,2.066280647873160973e-04,1.178982612255159657e+00
9.561969914492860880e+02,1.314905866827870444e-04,9.273618495495704606e-01
9.569317308407244127e+02,2.535889886025666836e-04,1.235920709430827547e+00
9.576663945386170553e+02,1.737554181165766186e-04,1.856744462762713876e+00
9.584009825384507621e+02,1.737554181166193362e-04,1.564448784716201635e+00
9.591354948357123931e+02,1.737554181165766186e-04,1.360147050873544261e+00
9.598699314258890354e+02,2.535889886026094012e-04,1.651514456491374627e+00
