# {'integration_time_us': 10000, 'end_index': 998, 'start_index': 50}
2.310837162806080016e+02,2.395019999999999982e+03,1.264752940300990280e+00
2.318877544995400797e+02,2.395699999999999818e+03,1.367479433117734455e+00
2.326917212762363363e+02,2.395320000000000164e+03,1.599249824136304232e+00
2.334956166061837735e+02,2.395329999999999927e+03,1.463249807790863777e+00
2.342994404848692795e+02,2.395519999999999982e+03,1.403424383427906763e+00
2.351031929077797713e+02,2.395320000000000164e+03,1.434433686163288701e+00
2.359068738704021939e+02,2.395630000000000109e+03,1.390359665698052138e+00
2.367104833682235210e+02,2.395570000000000164e+03,1.607824617301277570e+00
2.375140213967306408e+02,2.395460000000000036e+03,1.458903697986950521e+00
2.383174879514104987e+02,2.395610000000000127e+03,1.593078780224003843e+00
2.391208830277500113e+02,2.395500000000000000e+03,1.424780684877500647e+00
2.399242066212361237e+02,2.395739999999999782e+03,1.553190265228313827e+00
2.407274587273557813e+02,2.395519999999999982e+03,1.493184516394407524e+00
2.415306393415959008e+02,2.395710000000000036e+03,1.313735133122350351e+00
2.423337484594434272e+02,2.395539999999999964e+03,1.374190670904150702e+00
2.431367860763852491e+02,2.395840000000000146e+03,1.514727698300918801e+00
2.439397521879083683e+02,2.395400000000000091e+03,1.523154621172781553e+00
2.447426467894996449e+02,2.395380000000000109e+03,1.440694277076160157e+00
2.455454698766460524e+02,2.395340000000000146e+03,1.457532160880163685e+00
2.463482214448345360e+02,2.395750000000000000e+03,1.437880384454840454e+00
2.471509014895520124e+02,2.395469999999999800e+03,1.465980900284856947e+00
2.479535100062853985e+02,2.395460000000000036e+03,1.551902058765307402e+00
2.487560469905216110e+02,2.395530000000000200e+03,1.552127572076470674e+00
2.495585124377476518e+02,2.395550000000000182e+03,1.779747173055768572e+00
2.503609063434503810e+02,2.395630000000000109e+03,1.501032977652389633e+00
2.511632287031167721e+02,2.395730000000000018e+03,1.522202351857334435e+00
2.519654795122337134e+02,2.395659999999999854e+03,1.491442255000172468e+00
2.527676587662881786e+02,2.395690000000000055e+03,1.460787458872782274e+00
2.535697664607671129e+02,2.395679999999999836e+03,1.295221988695374193e+00
2.543718025911574045e+02,2.395719999999999800e+03,1.575309493401217287e+00
2.551737671529460272e+02,2.395469999999999800e+03,1.479560745626890439e+00
2.559756601416198691e+02,2.395739999999999782e+03,1.418590850104426426e+00
2.567774815526658472e+02,2.395619999999999891e+03,1.433736377441822363e+00
2.575792313815709917e+02,2.395599999999999909e+03,1.581138830084189761e+00
2.583809096238221059e+02,2.395630000000000109e+03,1.559839735357450019e+00
2.591825162749062770e+02,2.395940000000000055e+03,1.398713694792469209e+00
2.599840513303103080e+02,2.395800000000000182e+03,1.385640646055102065e+00
2.607855147855211158e+02,2.396010000000000218e+03,1.252956503634503616e+00
2.615869066360257875e+02,2.395599999999999909e+03,1.272792206135785698e+00
2.623882268773110695e+02,2.395800000000000182e+03,1.469693845669907128e+00
2.631894755048640491e+02,2.396079999999999927e+03,1.316662447250623202e+00
2.639906525141715292e+02,2.395719999999999800e+03,1.400571312000927549e+00
2.647917579007204836e+02,2.395800000000000182e+03,1.456021977856103877e+00
2.655927916599978857e+02,2.395610000000000127e+03,1.529019293534257695e+00
2.663937537874906525e+02,2.396059999999999945e+03,1.535057002198941145e+00
2.671946442786857006e+02,2.395750000000000000e+03,1.525614630239235714e+00
2.679954631290700036e+02,2.395800000000000182e+03,1.489966442575134220e+00
2.687962103341304783e+02,2.395880000000000109e+03,1.328758819349846965e+00
2.695968858893539846e+02,2.395599999999999909e+03,1.399999999999999911e+00
2.703974897902274961e+02,2.395619999999999891e+03,1.528266992380585165e+00
2.711980220322380433e+02,2.395699999999999818e+03,1.410673597966588755e+00
2.719984826108723723e+02,2.395920000000000073e+03,1.368795090581493845e+00
2.727988715216175706e+02,2.395800000000000182e+03,1.449137674618943938e+00
2.735991887599604979e+02,2.395599999999999909e+03,1.435270009440732464e+00
2.743994343213880143e+02,2.395710000000000036e+03,1.675082087540786580e+00
2.751996082013872638e+02,2.396030000000000200e+03,1.388920444085981254e+00
2.759997103954450495e+02,2.395960000000000036e+03,1.385063175454462669e+00
2.767997408990482313e+02,2.395909999999999854e+03,1.428950663948899136e+00
2.775996997076838397e+02,2.395860000000000127e+03,1.414354976658971808e+00
2.783995868168387915e+02,2.395909999999999854e+03,1.549806439527207313e+00
2.791994022220000033e+02,2.395789999999999964e+03,1.351258672497608559e+00
2.799991459186544489e+02,2.395969999999999800e+03,1.345027880751919369e+00
2.807988179022890449e+02,2.395840000000000146e+03,1.579366961791970558e+00
2.815984181683906513e+02,2.395800000000000182e+03,1.630950643030009140e+00
2.823979467124461848e+02,2.395809999999999945e+03,1.635206408989397175e+00
2.831974035299427896e+02,2.396079999999999927e+03,1.383329317263246594e+00
2.839967886163670983e+02,2.395909999999999854e+03,1.357166165213383069e+00
2.847961019672063685e+02,2.395969999999999800e+03,1.212064354727091064e+00
2.855953435779472898e+02,2.395809999999999945e+03,1.270393639782567696e+00
2.863945134440768356e+02,2.395829999999999927e+03,1.483610461003831205e+00
2.871936115610819797e+02,2.395869999999999891e+03,1.641066726248509244e+00
2.879926379244497525e+02,2.395969999999999800e+03,1.330075185844770136e+00
2.887915925296668433e+02,2.395820000000000164e+03,1.545186072937495991e+00
2.895904753722203395e+02,2.396019999999999982e+03,1.503196593929084335e+00
2.903892864475972146e+02,2.395940000000000055e+03,1.377098398808160873e+00
2.911880257512842718e+02,2.396010000000000218e+03,1.596840630745598011e+00
2.919866932787684846e+02,2.396090000000000146e+03,1.273538377906217489e+00
2.927852890255368834e+02,2.396329999999999927e+03,1.483610461003831205e+00
2.935838129870763282e+02,2.395690000000000055e+03,1.460787458872782274e+00
2.943822651588737358e+02,2.395920000000000073e+03,1.610465771135791702e+00
2.951806455364160229e+02,2.396010000000000218e+03,1.452549482806007486e+00
2.959789541151902199e+02,2.395989999999999782e+03,1.552385261460569321e+00
2.967771908906830731e+02,2.395840000000000146e+03,1.278436545159750803e+00
2.975753558583816698e+02,2.396070000000000164e+03,1.550838482885951608e+00
2.983734490137729267e+02,2.395900000000000091e+03,1.438749456993815956e+00
2.991714703523437606e+02,2.395940000000000055e+03,1.317725312802330739e+00
2.999694198695810883e+02,2.395960000000000036e+03,1.489429420952869343e+00
3.007672975609717696e+02,2.395969999999999800e+03,1.252637218032419675e+00
3.015651034220029487e+02,2.396059999999999945e+03,1.468468590062450341e+00
3.023628374481613719e+02,2.396280000000000200e+03,1.304453908729626077e+00
3.031604996349340126e+02,2.396170000000000073e+03,1.449517160988444520e+00
3.039580899778078447e+02,2.396119999999999891e+03,1.478377489006106105e+00
3.047556084722697278e+02,2.396119999999999891e+03,1.423235749972575404e+00
3.055530551138066357e+02,2.396320000000000164e+03,1.495860956105212303e+00
3.063504298979054852e+02,2.395900000000000091e+03,1.374772708486752038e+00
3.071477328200533066e+02,2.396039999999999964e+03,1.469149413776556390e+00
3.079449638757367893e+02,2.395860000000000127e+03,1.208470107201663479e+00
3.087421230604431912e+02,2.395969999999999800e+03,1.465980900284856947e+00
3.095392103696592585e+02,2.396070000000000164e+03,1.491676908717165739e+00
3.103362257988718511e+02,2.395920000000000073e+03,1.514463601411404126e+00
3.111331693435679995e+02,2.396440000000000055e+03,1.366162508635045514e+00
3.119300409992346772e+02,2.396000000000000000e+03,1.549193338482966809e+00
3.127268407613587442e+02,2.396239999999999782e+03,1.456845908117945232e+00
3.135235686254271741e+02,2.396070000000000164e+03,1.537888162383728163e+00
3.143202245869268836e+02,2.395949999999999818e+03,1.336974195712093971e+00
3.151168086413447895e+02,2.396190000000000055e+03,1.540746572282411408e+00
3.159133207841677518e+02,2.396170000000000073e+03,1.456399670420176928e+00
3.167097610108829144e+02,2.396280000000000200e+03,1.378985134075055852e+00
3.175061293169770238e+02,2.396050000000000182e+03,1.314343942809491628e+00
3.183024256979371103e+02,2.396289999999999964e+03,1.531633115338004059e+00
3.190986501492500338e+02,2.396130000000000109e+03,1.665262742032019183e+00
3.198948026664027111e+02,2.396340000000000146e+03,1.401570547635758279e+00
3.206908832448821727e+02,2.396050000000000182e+03,1.388344337691482355e+00
3.214868918801753352e+02,2.395929999999999836e+03,1.550838482885951608e+00
3.222828285677690019e+02,2.395889999999999873e+03,1.599343615362252224e+00
3.230786933031503168e+02,2.396170000000000073e+03,1.414602417642497834e+00
3.238744860818059692e+02,2.396079999999999927e+03,1.534144712861208459e+00
3.246702068992230465e+02,2.396199999999999818e+03,1.549193338482966809e+00
3.254658557508884087e+02,2.396409999999999854e+03,1.342348687934695750e+00
3.262614326322891429e+02,2.396409999999999854e+03,1.517201370945860939e+00
3.270569375389120523e+02,2.396099999999999909e+03,1.526433752247374764e+00
3.278523704662439968e+02,2.396170000000000073e+03,1.342050669684270892e+00
3.286477314097720637e+02,2.396289999999999964e+03,1.589308025525574264e+00
3.294430203649830560e+02,2.395940000000000055e+03,1.508774337003383925e+00
3.302382373273640042e+02,2.396210000000000036e+03,1.423341139713174774e+00
3.310333822924017682e+02,2.395929999999999836e+03,1.274794101021808235e+00
3.318284552555833216e+02,2.396389999999999873e+03,1.420528070824367717e+00
3.326234562123955811e+02,2.396059999999999945e+03,1.468468590062450341e+00
3.334183851583254636e+02,2.396369999999999891e+03,1.578955350857015105e+00
3.342132420888599995e+02,2.396329999999999927e+03,1.400392802038056717e+00
3.350080269994859918e+02,2.396280000000000200e+03,1.556149093114152615e+00
3.358027398856904142e+02,2.396079999999999927e+03,1.368795090581493845e+00
3.365973807429602971e+02,2.396119999999999891e+03,1.343726162579265804e+00
3.373919495667823867e+02,2.396320000000000164e+03,1.462053350599765267e+00
3.381864463526437703e+02,2.396269999999999982e+03,1.413187885597665394e+00
3.389808710960313078e+02,2.396329999999999927e+03,1.342050669684270892e+00
3.397752237924318592e+02,2.396210000000000036e+03,1.409219642213377588e+00
3.405695044373325686e+02,2.396199999999999818e+03,1.442220510185596050e+00
3.413637130262201254e+02,2.396079999999999927e+03,1.238386046433017640e+00
3.421578495545816736e+02,2.396239999999999782e+03,1.613195586406062976e+00
3.429519140179040164e+02,2.396320000000000164e+03,1.561281524901899198e+00
3.437459064116741274e+02,2.396199999999999818e+03,1.378404875209022329e+00
3.445398267313788665e+02,2.396190000000000055e+03,1.426148659852822131e+00
3.453336749725053210e+02,2.396159999999999854e+03,1.635359287740770329e+00
3.461274511305402939e+02,2.396190000000000055e+03,1.339365521431696626e+00
3.469211552009707589e+02,2.396309999999999945e+03,1.440104162899337181e+00
3.477147871792836895e+02,2.396289999999999964e+03,1.358639024906910242e+00
3.485083470609658889e+02,2.396239999999999782e+03,1.407977272543843084e+00
3.493018348415043874e+02,2.396110000000000127e+03,1.529019293534257695e+00
3.500952505163861019e+02,2.396300000000000182e+03,1.438749456993816178e+00
3.508885940810980060e+02,2.396269999999999982e+03,1.719622051498526316e+00
3.516818655311269026e+02,2.396219999999999800e+03,1.439305388025765575e+00
3.524750648619599929e+02,2.396349999999999909e+03,1.472243186433545903e+00
3.532681920690838524e+02,2.396460000000000036e+03,1.329812016790343110e+00
3.540612471479857390e+02,2.396320000000000164e+03,1.325745073534124074e+00
3.548542300941522853e+02,2.396269999999999982e+03,1.427270121595768826e+00
3.556471409030706354e+02,2.396269999999999982e+03,1.384593803250614208e+00
3.564399795702276492e+02,2.396409999999999854e+03,1.379093905432113631e+00
3.572327460911102435e+02,2.396260000000000218e+03,1.293213052826176934e+00
3.580254404612053918e+02,2.396090000000000146e+03,1.428950663948899136e+00
3.588180626760000109e+02,2.396239999999999782e+03,1.600749824301099355e+00
3.596106127309809608e+02,2.396090000000000146e+03,1.470340096712321687e+00
3.604030906216353856e+02,2.395980000000000018e+03,1.643045951883269851e+00
3.611954963434500314e+02,2.396289999999999964e+03,1.485227255338387620e+00
3.619878298919118151e+02,2.396099999999999909e+03,1.276714533480370672e+00
3.627800912625078240e+02,2.396329999999999927e+03,1.510331089529709736e+00
3.635722804507248043e+02,2.396019999999999982e+03,1.385496300969439876e+00
3.643643974520497864e+02,2.396429999999999836e+03,1.328570660522051305e+00
3.651564422619696870e+02,2.396219999999999800e+03,1.526957759730111164e+00
3.659484148759714230e+02,2.396320000000000164e+03,1.522366578718805208e+00
3.667403152895419680e+02,2.396369999999999891e+03,1.527448853480861901e+00
3.675321434981682955e+02,2.396219999999999800e+03,1.473634961583091485e+00
3.683238994973372087e+02,2.396340000000000146e+03,1.234665946724052166e+00
3.691155832825357379e+02,2.396340000000000146e+03,1.457532160880163685e+00
3.699071948492508000e+02,2.396239999999999782e+03,1.477294825009550783e+00
3.706987341929692548e+02,2.396389999999999873e+03,1.427550349374760330e+00
3.714902013091781896e+02,2.396449999999999818e+03,1.472243186433545903e+00
3.722815961933643507e+02,2.396320000000000164e+03,1.384774349849100750e+00
3.730729188410147117e+02,2.396360000000000127e+03,1.445821565754225491e+00
3.738641692476163598e+02,2.396000000000000000e+03,1.549193338482966809e+00
3.746553474086559845e+02,2.396500000000000000e+03,1.545962483374030638e+00
3.754464533196207299e+02,2.396119999999999891e+03,1.394847661933015459e+00
3.762374869759974558e+02,2.396300000000000182e+03,1.526433752247375208e+00
3.770284483732730223e+02,2.396420000000000073e+03,1.386939075806864707e+00
3.778193375069345166e+02,2.396550000000000182e+03,1.366565036871645100e+00
3.786101543724687417e+02,2.396440000000000055e+03,1.538310761842353047e+00
3.794008989653627282e+02,2.396469999999999800e+03,1.345027880751919369e+00
3.801915712811032790e+02,2.396630000000000109e+03,1.390359665698052138e+00
3.809821713151773679e+02,2.396389999999999873e+03,1.482531618549837171e+00
3.817726990630719683e+02,2.396519999999999982e+03,1.590471628165683438e+00
3.825631545202739972e+02,2.396239999999999782e+03,1.436105845681299176e+00
3.833535376822703711e+02,2.396360000000000127e+03,1.584424185627068660e+00
3.841438485445480637e+02,2.396440000000000055e+03,1.589465318904442315e+00
3.849340871025939919e+02,2.396519999999999982e+03,1.403424383427906763e+00
3.857242533518951291e+02,2.396219999999999800e+03,1.572132309953586438e+00
3.865143472879382784e+02,2.396400000000000091e+03,1.248999599679679884e+00
3.873043689062104136e+02,2.396329999999999927e+03,1.378803829411566539e+00
3.880943182021986217e+02,2.396559999999999945e+03,1.538310761842353047e+00
3.888841951713895924e+02,2.396360000000000127e+03,1.345511055324333016e+00
3.896739998092704127e+02,2.396449999999999818e+03,1.235920709430827769e+00
3.904637321113279995e+02,2.396550000000000182e+03,1.639359631075500090e+00
3.912533920730492696e+02,2.396369999999999891e+03,1.467344540317644386e+00
3.920429796899210828e+02,2.396440000000000055e+03,1.387948125831797830e+00
3.928324949574305265e+02,2.396130000000000109e+03,1.425868156597937197e+00
3.936219378710644037e+02,2.396440000000000055e+03,1.518683640525570588e+00
3.944113084263098017e+02,2.396420000000000073e+03,1.436523581428442942e+00
3.952006066186534099e+02,2.396360000000000127e+03,1.664451861725054549e+00
3.959898324435823724e+02,2.396449999999999818e+03,1.409787217987168662e+00
3.967789858965834355e+02,2.396349999999999909e+03,1.351850583459577537e+00
3.975680669731436865e+02,2.396530000000000200e+03,1.486304141150121438e+00
3.983570756687500420e+02,2.396289999999999964e+03,1.387767992137014073e+00
3.991460119788893053e+02,2.396659999999999854e+03,1.379999999999999893e+00
3.999348758990485635e+02,2.396489999999999782e+03,1.438714704171747849e+00
4.007236674247147334e+02,2.396320000000000164e+03,1.362938002992065689e+00
4.015123865513746182e+02,2.396429999999999836e+03,1.443987534572234388e+00
4.023010332745152482e+02,2.396460000000000036e+03,1.465742132846020063e+00
4.030896075896235402e+02,2.396449999999999818e+03,1.381122731693313677e+00
4.038781094921864110e+02,2.396420000000000073e+03,1.357792325799494382e+00
4.046665389776909478e+02,2.396380000000000109e+03,1.647907764409161091e+00
4.054548960416237833e+02,2.396550000000000182e+03,1.444818327679989300e+00
4.062431806794720046e+02,2.396409999999999854e+03,1.414885154349991625e+00
4.070313928867226423e+02,2.396400000000000091e+03,1.414213562373095145e+00
4.078195326588623857e+02,2.396409999999999854e+03,1.530326762492246084e+00
4.086075999913784358e+02,2.396369999999999891e+03,1.390359665698052138e+00
4.093955948797575388e+02,2.396340000000000146e+03,1.464377000638838355e+00
4.101835173194867252e+02,2.396449999999999818e+03,1.525614630239235936e+00
4.109713673060529686e+02,2.396380000000000109e+03,1.454510226846136511e+00
4.117591448349429584e+02,2.396409999999999854e+03,1.606829175737109594e+00
4.125468499016439523e+02,2.396369999999999891e+03,1.460513608289905507e+00
4.133344825016426398e+02,2.396449999999999818e+03,1.299038105676658228e+00
4.141220426304259945e+02,2.396170000000000073e+03,1.400392802038056717e+00
4.149095302834811037e+02,2.396590000000000146e+03,1.349777759484871442e+00
4.156969454562946567e+02,2.396329999999999927e+03,1.311907008899640070e+00
4.164842881443537976e+02,2.396530000000000200e+03,1.284172885557080868e+00
4.172715583431453297e+02,2.396369999999999891e+03,1.553415591527264050e+00
4.180587560481562264e+02,2.396599999999999909e+03,1.435270009440732464e+00
4.188458812548734613e+02,2.396559999999999945e+03,1.321514282934543427e+00
4.196329339587839513e+02,2.396469999999999800e+03,1.452274078815703362e+00
4.204199141553744994e+02,2.396340000000000146e+03,1.401570547635758279e+00
4.212068218401323065e+02,2.396190000000000055e+03,1.501299437154360872e+00
4.219936570085440621e+02,2.396559999999999945e+03,1.373462777071151830e+00
4.227804196560967398e+02,2.396559999999999945e+03,1.498799519615615639e+00
4.235671097782773131e+02,2.396250000000000000e+03,1.577181029558750280e+00
4.243537273705726989e+02,2.396409999999999854e+03,1.421935300919138001e+00
4.251402724284698706e+02,2.396429999999999836e+03,1.478208375027012078e+00
4.259267449474557452e+02,2.396409999999999854e+03,1.371823603820841120e+00
4.267131449230172393e+02,2.396239999999999782e+03,1.379275171965333113e+00
4.274994723506412697e+02,2.396380000000000109e+03,1.302152064852642122e+00
4.282857272258148100e+02,2.396469999999999800e+03,1.717294383616274400e+00
4.290719095440247770e+02,2.396440000000000055e+03,1.518683640525570588e+00
4.298580193007580306e+02,2.396409999999999854e+03,1.371823603820840898e+00
4.306440564915016012e+02,2.396550000000000182e+03,1.344432965974875493e+00
4.314300211117423487e+02,2.396380000000000109e+03,1.521709564930180614e+00
4.322159131569672468e+02,2.396539999999999964e+03,1.431223253025187381e+00
4.330017326226632690e+02,2.396489999999999782e+03,1.445648643343188100e+00
4.337874795043172185e+02,2.396159999999999854e+03,1.553833967964402207e+00
4.345731537974161824e+02,2.396510000000000218e+03,1.688164683909718855e+00
4.353587554974470208e+02,2.396309999999999945e+03,1.316776366738103610e+00
4.361442845998966504e+02,2.396360000000000127e+03,1.330563790278391778e+00
4.369297411002519880e+02,2.396539999999999964e+03,1.314686274363583651e+00
4.377151249940000639e+02,2.396400000000000091e+03,1.523154621172781553e+00
4.385004362766276813e+02,2.396489999999999782e+03,1.322837858545029555e+00
4.392856749436218138e+02,2.396519999999999982e+03,1.577846633865281678e+00
4.400708409904694349e+02,2.396679999999999836e+03,1.391977011304425194e+00
4.408559344126574615e+02,2.396570000000000164e+03,1.537888162383728163e+00
4.416409552056727534e+02,2.396730000000000018e+03,1.611552046941084670e+00
4.424259033650023412e+02,2.396420000000000073e+03,1.491174034108695201e+00
4.432107788861331414e+02,2.396230000000000018e+03,1.448136733875637905e+00
4.439955817645520710e+02,2.396400000000000091e+03,1.385640646055101843e+00
4.447803119957460467e+02,2.396659999999999854e+03,1.436802004452944592e+00
4.455649695752019852e+02,2.396280000000000200e+03,1.349666625504238882e+00
4.463495544984069170e+02,2.396550000000000182e+03,1.402676013910554076e+00
4.471340667608476451e+02,2.396329999999999927e+03,1.311907008899639848e+00
4.479185063580111432e+02,2.396300000000000182e+03,1.473091986265623765e+00
4.487028732853843849e+02,2.396230000000000018e+03,1.455025772967613262e+00
4.494871675384542300e+02,2.396380000000000109e+03,1.354843164355195473e+00
4.502713891127077090e+02,2.396400000000000091e+03,1.264911064067351987e+00
4.510555380036316819e+02,2.396510000000000218e+03,1.571591549990009273e+00
4.518396142067130654e+02,2.396300000000000182e+03,1.431782106327635473e+00
4.526236177174388899e+02,2.396639999999999873e+03,1.466424222385869003e+00
4.534075485312960723e+02,2.396469999999999800e+03,1.590314434317943171e+00
4.541914066437714155e+02,2.396539999999999964e+03,1.431223253025187381e+00
4.549751920503519500e+02,2.396210000000000036e+03,1.589308025525574264e+00
4.557589047465245358e+02,2.396340000000000146e+03,1.250759769100365570e+00
4.565425447277761464e+02,2.396469999999999800e+03,1.571337010319555638e+00
4.573261119895937554e+02,2.396389999999999873e+03,1.370364914904055986e+00
4.581096065274642797e+02,2.396309999999999945e+03,1.604337869652150417e+00
4.588930283368745791e+02,2.396590000000000146e+03,1.349777759484871442e+00
4.596763774133116840e+02,2.396480000000000018e+03,1.389100428334827164e+00
4.604596537522625113e+02,2.396250000000000000e+03,1.388344337691482133e+00
4.612428573492140913e+02,2.396119999999999891e+03,1.298306589369398356e+00
4.620259881996530567e+02,2.396349999999999909e+03,1.538668255342911850e+00
4.628090462990665515e+02,2.396269999999999982e+03,1.488992948270743355e+00
4.635920316429414356e+02,2.396400000000000091e+03,1.630950643030009140e+00
4.643749442267647396e+02,2.396349999999999909e+03,1.532155344604456459e+00
4.651577840460232665e+02,2.396610000000000127e+03,1.448412924548797331e+00
4.659405510962040466e+02,2.396440000000000055e+03,1.251559027772961352e+00
4.667232453727939401e+02,2.396530000000000200e+03,1.367150320923050444e+00
4.675058668712799772e+02,2.396519999999999982e+03,1.299846144741753751e+00
4.682884155871489611e+02,2.396650000000000091e+03,1.499166435056495050e+00
4.690708915158879790e+02,2.396440000000000055e+03,1.283121194587635516e+00
4.698532946529838910e+02,2.396489999999999782e+03,1.403531260784739221e+00
4.706356249939236136e+02,2.396489999999999782e+03,1.633982864047233585e+00
4.714178825341940069e+02,2.396570000000000164e+03,1.491676908717165739e+00
4.722000672692821013e+02,2.396409999999999854e+03,1.435931753252918330e+00
4.729821791946747567e+02,2.396679999999999836e+03,1.348183963708217359e+00
4.737642183058590035e+02,2.396329999999999927e+03,1.516937704719610425e+00
4.745461845983217017e+02,2.396500000000000000e+03,1.352774925846868426e+00
4.753280780675498249e+02,2.396489999999999782e+03,1.506618730800862060e+00
4.761098987090302899e+02,2.396840000000000146e+03,1.540908822740657769e+00
4.768916465182499564e+02,2.396699999999999818e+03,1.621727474022685689e+00
4.776733214906958551e+02,2.396530000000000200e+03,1.459143584435746988e+00
4.784549236218550732e+02,2.396579999999999927e+03,1.443468046061290533e+00
4.792364529072141863e+02,2.396530000000000200e+03,1.506353212231447358e+00
4.800179093422602250e+02,2.396369999999999891e+03,1.425868156597937197e+00
4.807992929224802765e+02,2.396489999999999782e+03,1.381991316904704670e+00
4.815806036433611439e+02,2.396409999999999854e+03,1.503961435675795544e+00
4.823618415003898576e+02,2.396539999999999964e+03,1.681784766252804264e+00
4.831430064890532776e+02,2.396559999999999945e+03,1.306292463424634676e+00
4.839240986048383206e+02,2.396719999999999800e+03,1.517102501481030430e+00
4.847051178432319603e+02,2.396619999999999891e+03,1.454510226846136511e+00
4.854860641997211133e+02,2.396389999999999873e+03,1.392084767533931844e+00
4.862669376697929238e+02,2.396530000000000200e+03,1.486304141150121438e+00
4.870477382489339107e+02,2.396380000000000109e+03,1.468196172178636072e+00
4.878284659326312180e+02,2.396480000000000018e+03,1.539350512391508552e+00
4.886091207163717627e+02,2.396539999999999964e+03,1.472548810735997193e+00
4.893897025956425182e+02,2.396309999999999945e+03,1.324348896628075201e+00
4.901702115659304582e+02,2.396269999999999982e+03,1.406093880222796688e+00
4.909506476227223288e+02,2.396480000000000018e+03,1.558717421471897291e+00
4.917310107615052175e+02,2.396469999999999800e+03,1.459143584435746988e+00
4.925113009777659840e+02,2.396440000000000055e+03,1.458218090684654911e+00
4.932915182669916021e+02,2.396769999999999982e+03,1.561121391820636140e+00
4.940716626246689884e+02,2.396480000000000018e+03,1.374627222195166754e+00
4.948517340462852303e+02,2.396619999999999891e+03,1.405560386465127820e+00
4.956317325273270171e+02,2.396409999999999854e+03,1.414885154349991625e+00
4.964116580632813225e+02,2.396510000000000218e+03,1.276675369857192655e+00
4.971915106496351200e+02,2.396329999999999927e+03,1.386037517529738361e+00
4.979712902818753264e+02,2.396519999999999982e+03,1.486472334084963931e+00
4.987509969554889722e+02,2.396480000000000018e+03,1.506519166821318700e+00
4.995306306659628603e+02,2.396420000000000073e+03,1.320454467219525085e+00
5.003101914087840214e+02,2.396610000000000127e+03,1.462155942435690026e+00
5.010896791794392584e+02,2.396380000000000109e+03,1.405560386465127820e+00
5.018690939734156586e+02,2.396570000000000164e+03,1.524827859136892894e+00
5.026484357862001957e+02,2.396460000000000036e+03,1.551902058765307402e+00
5.034277046132795590e+02,2.396579999999999927e+03,1.464103821455295495e+00
5.042069004501407790e+02,2.396550000000000182e+03,1.614775526195514344e+00
5.049860232922708860e+02,2.396570000000000164e+03,1.650787690770681770e+00
5.057650731351566833e+02,2.396559999999999945e+03,1.430524379379813471e+00
5.065440499742852012e+02,2.396280000000000200e+03,1.378985134075055852e+00
5.073229538051433565e+02,2.396460000000000036e+03,1.532449020359241798e+00
5.081017846232180091e+02,2.396269999999999982e+03,1.384593803250614208e+00
5.088805424239961326e+02,2.396860000000000127e+03,1.400142849854971061e+00
5.096592272029647575e+02,2.396300000000000182e+03,1.330413469565007167e+00
5.104378389556105731e+02,2.396559999999999945e+03,1.336562755728289975e+00
5.112163776774208941e+02,2.396219999999999800e+03,1.375354499756335391e+00
5.119948433638822394e+02,2.396659999999999854e+03,1.415768342632367061e+00
5.127732360104818099e+02,2.396329999999999927e+03,1.476854766048442569e+00
5.135515556127063519e+02,2.396329999999999927e+03,1.655626769534727982e+00
5.143298021660430095e+02,2.396500000000000000e+03,1.417744687875782450e+00
5.151079756659786426e+02,2.396750000000000000e+03,1.525614630239235714e+00
5.158860761079999975e+02,2.396679999999999836e+03,1.441388219738179766e+00
5.166641034875942751e+02,2.396650000000000091e+03,1.492481155659930003e+00
5.174420578002482216e+02,2.396590000000000146e+03,1.386326079968201341e+00
5.182199390414486970e+02,2.396449999999999818e+03,1.351850583459577759e+00
5.189977472066831297e+02,2.396739999999999782e+03,1.432619977523697630e+00
5.197754822914378110e+02,2.396519999999999982e+03,1.763405795612569715e+00
5.205531442912000557e+02,2.396530000000000200e+03,1.396101715492105377e+00
5.213307332014566100e+02,2.396449999999999818e+03,1.538668255342912072e+00
5.221082490176944475e+02,2.396400000000000091e+03,1.421267040355189692e+00
5.228856917354006555e+02,2.396610000000000127e+03,1.509271347372632022e+00
5.236630613500619802e+02,2.396230000000000018e+03,1.528757665557232803e+00
5.244403578571653952e+02,2.396380000000000109e+03,1.474991525399383274e+00
5.252175812521979879e+02,2.396489999999999782e+03,1.513241553751415891e+00
5.259947315306465043e+02,2.396579999999999927e+03,1.497865147468222524e+00
5.267718086879979182e+02,2.396570000000000164e+03,1.739281460833754789e+00
5.275488127197393169e+02,2.396570000000000164e+03,1.464615990626894515e+00
5.283257436213573328e+02,2.396730000000000018e+03,1.475499915282952657e+00
5.291026013883391670e+02,2.396650000000000091e+03,1.472243186433545903e+00
5.298793860161715656e+02,2.396579999999999927e+03,1.524335920983298287e+00
5.306560975003416161e+02,2.396500000000000000e+03,1.506651917331936374e+00
5.314327358363360645e+02,2.396639999999999873e+03,1.338058294694218553e+00
5.322093010196419982e+02,2.396630000000000109e+03,1.277928010491983679e+00
5.329857930457461634e+02,2.396480000000000018e+03,1.389100428334827164e+00
5.337622119101358749e+02,2.396590000000000146e+03,1.428950663948899136e+00
5.345385576082976513e+02,2.396510000000000218e+03,1.431747184386964244e+00
5.353148301357188075e+02,2.396159999999999854e+03,1.278436545159750803e+00
5.360910294878859759e+02,2.396360000000000127e+03,1.558974021592406167e+00
5.368671556602861301e+02,2.396539999999999964e+03,1.545444919756119972e+00
5.376432086484061301e+02,2.396349999999999909e+03,1.366565036871644878e+00
5.384191884477331769e+02,2.396500000000000000e+03,1.500000000000000000e+00
5.391950950537540166e+02,2.396639999999999873e+03,1.382172203453679860e+00
5.399709284619556229e+02,2.396590000000000146e+03,1.470340096712321687e+00
5.407466886678249693e+02,2.396539999999999964e+03,1.260317420335051786e+00
5.415223756668488022e+02,2.396690000000000055e+03,1.324348896628075201e+00
5.422979894545143225e+02,2.396550000000000182e+03,1.505822034637559925e+00
5.430735300263082763e+02,2.396409999999999854e+03,1.581739548724757416e+00
5.438489973777177511e+02,2.396719999999999800e+03,1.456571316482649703e+00
5.446243915042294930e+02,2.396570000000000164e+03,1.408935768585637183e+00
5.453997124013304756e+02,2.396719999999999800e+03,1.304453908729626077e+00
5.461749600645076725e+02,2.396590000000000146e+03,1.386326079968201341e+00
5.469501344892480574e+02,2.396460000000000036e+03,1.438193311067743618e+00
5.477252356710384902e+02,2.396289999999999964e+03,1.343837787830063801e+00
5.485002636053659444e+02,2.396659999999999854e+03,1.518025032731673996e+00
5.492752182877172800e+02,2.396530000000000200e+03,1.545671375163556460e+00
5.500500997135795842e+02,2.396570000000000164e+03,1.450896274721249490e+00
5.508249078784397170e+02,2.396610000000000127e+03,1.399249798999449679e+00
5.515996427777846520e+02,2.396579999999999927e+03,1.588584275384847144e+00
5.523743044071012491e+02,2.396719999999999800e+03,1.442775103749714738e+00
5.531488927618762546e+02,2.396539999999999964e+03,1.438193311067743618e+00
5.539234078375968693e+02,2.396469999999999800e+03,1.359816164045713816e+00
5.546978496297499532e+02,2.396599999999999909e+03,1.326649916142160102e+00
5.554722181338225937e+02,2.396400000000000091e+03,1.407124727947029141e+00
5.562465133453014232e+02,2.396559999999999945e+03,1.329059818066892218e+00
5.570207352596735291e+02,2.396610000000000127e+03,1.642528538564855589e+00
5.577948838724257712e+02,2.396409999999999854e+03,1.685793581670068875e+00
5.585689591790452369e+02,2.396590000000000146e+03,1.449793088685416231e+00
5.593429611750186723e+02,2.396510000000000218e+03,1.352737964278373894e+00
5.601168898558332785e+02,2.396500000000000000e+03,1.330413469565007167e+00
5.608907452169756880e+02,2.396460000000000036e+03,1.352183419510829543e+00
5.616645272539329881e+02,2.396510000000000218e+03,1.396388198174132178e+00
5.624382359621920386e+02,2.396440000000000055e+03,1.564097183681372405e+00
5.632118713372398133e+02,2.396670000000000073e+03,1.304262243569137558e+00
5.639854333745632857e+02,2.396500000000000000e+03,1.486606874731850603e+00
5.647589220696492021e+02,2.396400000000000091e+03,1.509966887054150053e+00
5.655323374179848770e+02,2.396239999999999782e+03,1.530490117576719156e+00
5.663056794150567157e+02,2.396809999999999945e+03,1.572863630452430828e+00
5.670789480563521465e+02,2.396500000000000000e+03,1.382027496108525266e+00
5.678521433373578020e+02,2.396769999999999982e+03,1.522202351857334435e+00
5.686252652535607695e+02,2.396420000000000073e+03,1.379710114480574568e+00
5.693983138004477951e+02,2.396630000000000109e+03,1.277928010491983679e+00
5.701712889735059662e+02,2.396380000000000109e+03,1.488489166907169370e+00
5.709441907682222563e+02,2.396570000000000164e+03,1.595336955003550328e+00
5.717170191800835255e+02,2.396460000000000036e+03,1.381448515146329825e+00
5.724897742045766336e+02,2.396579999999999927e+03,1.563201842373530326e+00
5.732624558371885541e+02,2.396599999999999909e+03,1.378404875209022107e+00
5.740350640734062608e+02,2.396550000000000182e+03,1.314343942809491628e+00
5.748075989087167272e+02,2.396579999999999927e+03,1.357792325799494382e+00
5.755800603386066996e+02,2.396579999999999927e+03,1.379710114480574568e+00
5.763524483585633789e+02,2.396519999999999982e+03,1.345213737664018971e+00
5.771247629640736250e+02,2.396710000000000036e+03,1.601842688905499079e+00
5.778970041506239568e+02,2.396710000000000036e+03,1.471699697628561454e+00
5.786691719137020300e+02,2.396639999999999873e+03,1.367625679782300763e+00
5.794412662487941361e+02,2.396710000000000036e+03,1.416297991243368193e+00
5.802132871513875898e+02,2.396519999999999982e+03,1.228657804272613729e+00
5.809852346169691373e+02,2.396510000000000218e+03,1.493284969454925948e+00
5.817571086410257521e+02,2.396679999999999836e+03,1.325745073534124074e+00
5.825289092190444080e+02,2.396309999999999945e+03,1.527710705598412710e+00
5.833006363465120785e+02,2.396500000000000000e+03,1.337908816025965120e+00
5.840722900189155098e+02,2.396500000000000000e+03,1.519868415357066294e+00
5.848438702317419029e+02,2.396670000000000073e+03,1.334578585172113474e+00
5.856153769804780040e+02,2.396409999999999854e+03,1.477125587077821933e+00
5.863868102606107868e+02,2.396690000000000055e+03,1.453925720248459008e+00
5.871581700676272249e+02,2.396469999999999800e+03,1.367150320923050444e+00
5.879294563970141780e+02,2.396480000000000018e+03,1.345213737664018971e+00
5.887006692442585063e+02,2.396510000000000218e+03,1.374736338357286591e+00
5.894718086048472969e+02,2.396260000000000218e+03,1.566014048468276076e+00
5.902428744742674098e+02,2.396699999999999818e+03,1.500000000000000222e+00
5.910138668480057049e+02,2.396519999999999982e+03,1.545833108715167992e+00
5.917847857215493832e+02,2.396590000000000146e+03,1.619228211216689584e+00
5.925556310903851909e+02,2.396400000000000091e+03,1.600000000000000089e+00
5.933264029500001016e+02,2.396590000000000146e+03,1.536847422485394299e+00
5.940971012958808615e+02,2.396559999999999945e+03,1.458218090684654911e+00
5.948677261235146716e+02,2.396539999999999964e+03,1.445129751960009923e+00
5.956382774283881645e+02,2.396590000000000146e+03,1.296880873480675378e+00
5.964087552059886548e+02,2.396639999999999873e+03,1.652392205258787605e+00
5.971791594518027750e+02,2.396969999999999800e+03,1.552127572076470674e+00
5.979494901613174989e+02,2.396500000000000000e+03,1.486606874731850603e+00
5.987197473300199135e+02,2.396369999999999891e+03,1.439826378422064845e+00
5.994899309533967653e+02,2.396530000000000200e+03,1.571337010319555638e+00
6.002600410269352551e+02,2.396389999999999873e+03,1.340857934309224397e+00
6.010300775461221292e+02,2.396639999999999873e+03,1.382172203453679638e+00
6.018000405064442475e+02,2.396570000000000164e+03,1.524827859136892894e+00
6.025699299033884699e+02,2.396570000000000164e+03,1.430069928360148346e+00
6.033397457324419975e+02,2.396809999999999945e+03,1.566492898164559389e+00
6.041094879890916900e+02,2.396480000000000018e+03,1.367333170810977050e+00
6.048791566688242938e+02,2.396719999999999800e+03,1.357055636294989709e+00
6.056487517671270098e+02,2.396750000000000000e+03,1.505822034637559703e+00
6.064182732794864705e+02,2.396550000000000182e+03,1.458595214581482669e+00
6.071877212013899907e+02,2.396550000000000182e+03,1.519045753096331275e+00
6.079570955283240892e+02,2.396239999999999782e+03,1.588206535687345600e+00
6.087263962557760806e+02,2.396710000000000036e+03,1.402105559506843901e+00
6.094956233792325975e+02,2.396510000000000218e+03,1.403531260784739221e+00
6.102647768941807271e+02,2.396599999999999909e+03,1.516575088810310223e+00
6.110338567961073295e+02,2.396559999999999945e+03,1.485395570210171545e+00
6.118028630804993782e+02,2.396460000000000036e+03,1.465742132846020063e+00
6.125717957428437330e+02,2.396730000000000018e+03,1.413187885597665394e+00
6.133406547786274814e+02,2.396360000000000127e+03,1.473227748856231756e+00
6.141094401833374832e+02,2.396710000000000036e+03,1.444264518708397782e+00
6.148781519524605983e+02,2.396889999999999873e+03,1.363048054912225249e+00
6.156467900814836867e+02,2.396690000000000055e+03,1.331878372825386903e+00
6.164153545658939493e+02,2.396420000000000073e+03,1.470918080655751359e+00
6.171838454011782460e+02,2.396489999999999782e+03,1.403531260784739221e+00
6.179522625828233231e+02,2.396550000000000182e+03,1.499166435056495050e+00
6.187206061063162679e+02,2.396550000000000182e+03,1.519045753096331497e+00
6.194888759671439402e+02,2.396750000000000000e+03,1.267872233310596508e+00
6.202570721607933137e+02,2.396380000000000109e+03,1.468196172178636072e+00
6.210251946827512484e+02,2.396650000000000091e+03,1.570827807240501084e+00
6.217932435285047177e+02,2.396539999999999964e+03,1.359558751948587219e+00
6.225612186935408090e+02,2.396719999999999800e+03,1.342236938845001282e+00
6.233291201733461548e+02,2.396719999999999800e+03,1.378985134075055852e+00
6.240969479634079562e+02,2.396369999999999891e+03,1.361286156544611048e+00
6.248647020592130730e+02,2.396530000000000200e+03,1.539188097667078425e+00
6.256323824562483651e+02,2.396460000000000036e+03,1.545444919756119972e+00
6.263999891500008061e+02,2.396730000000000018e+03,1.391797399049157669e+00
6.271675221359573698e+02,2.396440000000000055e+03,1.251559027772961352e+00
6.279349814096048021e+02,2.396619999999999891e+03,1.231097071720991254e+00
6.287023669664301906e+02,2.396570000000000164e+03,1.437045580348793150e+00
6.294696788019205087e+02,2.396480000000000018e+03,1.396280774056565033e+00
6.302369169115626164e+02,2.396559999999999945e+03,1.518683640525570588e+00
6.310040812908434873e+02,2.396510000000000218e+03,1.292246106591155463e+00
6.317711719352499813e+02,2.396340000000000146e+03,1.394417441084268461e+00
6.325381888402690720e+02,2.396369999999999891e+03,1.254232833249073975e+00
6.333051320013878467e+02,2.396510000000000218e+03,1.473058043662909933e+00
6.340720014140929379e+02,2.396559999999999945e+03,1.471869559437928077e+00
6.348387970738714330e+02,2.396619999999999891e+03,1.419718281913703972e+00
6.356055189762103055e+02,2.396380000000000109e+03,1.454510226846136511e+00
6.363721671165964153e+02,2.396710000000000036e+03,1.505290669605043430e+00
6.371387414905167361e+02,2.396670000000000073e+03,1.555988431833604579e+00
6.379052420934581278e+02,2.396489999999999782e+03,1.513241553751416113e+00
6.386716689209075639e+02,2.396739999999999782e+03,1.546738504078824628e+00
6.394380219683520181e+02,2.396530000000000200e+03,1.381701849170073215e+00
6.402043012312783503e+02,2.396710000000000036e+03,1.365979502042398819e+00
6.409705067051735341e+02,2.396519999999999982e+03,1.493184516394407524e+00
6.417366383855247705e+02,2.396300000000000182e+03,1.322875655532295580e+00
6.425026962678184645e+02,2.396469999999999800e+03,1.367150320923050444e+00
6.432686803475418174e+02,2.396750000000000000e+03,1.699264546796642961e+00
6.440345906201816888e+02,2.396630000000000109e+03,1.453650576995723309e+00
6.448004270812251661e+02,2.396449999999999818e+03,1.444818327679989078e+00
6.455661897261591093e+02,2.396300000000000182e+03,1.506651917331936597e+00
6.463318785504703783e+02,2.396679999999999836e+03,1.355581056226443426e+00
6.470974935496459466e+02,2.396539999999999964e+03,1.583792915756349506e+00
6.478630347191727878e+02,2.396380000000000109e+03,1.181355154049788414e+00
6.486285020545377620e+02,2.396550000000000182e+03,1.583508762211311760e+00
6.493938955512280700e+02,2.396400000000000091e+03,1.349073756323204254e+00
6.501592152047302307e+02,2.396510000000000218e+03,1.493284969454925948e+00
6.509244610105313313e+02,2.396530000000000200e+03,1.396101715492105377e+00
6.516896329641182319e+02,2.396670000000000073e+03,1.483610461003830761e+00
6.524547310609781334e+02,2.396550000000000182e+03,1.519045753096331275e+00
6.532197552965977820e+02,2.396550000000000182e+03,1.235920709430827769e+00
6.539847056664641514e+02,2.396630000000000109e+03,1.572609296678612267e+00
6.547495821660639876e+02,2.396659999999999854e+03,1.491442255000172468e+00
6.555143847908844918e+02,2.396579999999999927e+03,1.443468046061290533e+00
6.562791135364124102e+02,2.396429999999999836e+03,1.394668419374296864e+00
6.570437683981349437e+02,2.396639999999999873e+03,1.506784656146989088e+00
6.578083493715388386e+02,2.396329999999999927e+03,1.470068025636909192e+00
6.585728564521108410e+02,2.396579999999999927e+03,1.563201842373530548e+00
6.593372896353380384e+02,2.396389999999999873e+03,1.348295219898075770e+00
6.601016489167075179e+02,2.396500000000000000e+03,1.445683229480096088e+00
6.608659342917060258e+02,2.396320000000000164e+03,1.406271666499755657e+00
6.616301457558205357e+02,2.396400000000000091e+03,1.428285685708570174e+00
6.623942833045380212e+02,2.396650000000000091e+03,1.525614630239235714e+00
6.631583469333453422e+02,2.396510000000000218e+03,1.389208407691228775e+00
6.639223366377294724e+02,2.396670000000000073e+03,1.483610461003830983e+00
6.646862524131774990e+02,2.396460000000000036e+03,1.445129751960009923e+00
6.654500942551760545e+02,2.396760000000000218e+03,1.588206535687345378e+00
6.662138621592123400e+02,2.396590000000000146e+03,1.357166165213382847e+00
6.669775561207731016e+02,2.396760000000000218e+03,1.543502510525978977e+00
6.677411761353453130e+02,2.396440000000000055e+03,1.387948125831798052e+00
6.685047221984159478e+02,2.396690000000000055e+03,1.467617116280673706e+00
6.692681943054717522e+02,2.396320000000000164e+03,1.420422472365176159e+00
6.700315924520000408e+02,2.396519999999999982e+03,1.479729705047513111e+00
6.707949166334874462e+02,2.396539999999999964e+03,1.519341962824696024e+00
6.715581668454210558e+02,2.396739999999999782e+03,1.331315139251409541e+00
6.723213430832875019e+02,2.396619999999999891e+03,1.521709564930180614e+00
6.730844453425742131e+02,2.396429999999999836e+03,1.350962619764144224e+00
6.738474736187678218e+02,2.396489999999999782e+03,1.424745591324991567e+00
6.746104279073551879e+02,2.396360000000000127e+03,1.526564770980910701e+00
6.753733082038233988e+02,2.396650000000000091e+03,1.558043645088288409e+00
6.761361145036593143e+02,2.396480000000000018e+03,1.431642413453862561e+00
6.768988468023497944e+02,2.396619999999999891e+03,1.347442021016117542e+00
6.776615050953820401e+02,2.396519999999999982e+03,1.602997192761110412e+00
6.784240893782426838e+02,2.396480000000000018e+03,1.410531814600436640e+00
6.791865996464188129e+02,2.396820000000000164e+03,1.337011593068661686e+00
6.799490358953974010e+02,2.396539999999999964e+03,1.431223253025187381e+00
6.807113981206650806e+02,2.396670000000000073e+03,1.428670710835775459e+00
6.814736863177092800e+02,2.396469999999999800e+03,1.367150320923050444e+00
6.822359004820166319e+02,2.396500000000000000e+03,1.486606874731850603e+00
6.829980406090738825e+02,2.396510000000000218e+03,1.403531260784739221e+00
6.837601066943683463e+02,2.396599999999999909e+03,1.264911064067351765e+00
6.845220987333867697e+02,2.396559999999999945e+03,1.570477634352046570e+00
6.852840167216160125e+02,2.396650000000000091e+03,1.485765795810362722e+00
6.860458606545431621e+02,2.396340000000000146e+03,1.436802004452944592e+00
6.868076305276550784e+02,2.396610000000000127e+03,1.370364914904055764e+00
6.875693263364387349e+02,2.396619999999999891e+03,1.440694277076160157e+00
6.883309480763808779e+02,2.396250000000000000e+03,1.614775526195514344e+00
6.890924957429688220e+02,2.396690000000000055e+03,1.560096150883015342e+00
6.898539693316891999e+02,2.396360000000000127e+03,1.389388354636672540e+00
6.906153688380289850e+02,2.396789999999999964e+03,1.471699697628561676e+00
6.913766942574749237e+02,2.396510000000000218e+03,1.322837858545029777e+00
6.921379455855144442e+02,2.396969999999999800e+03,1.627605603332699102e+00
6.928991228176340655e+02,2.396599999999999909e+03,1.356465996625053849e+00
6.936602259493208749e+02,2.396440000000000055e+03,1.478648031141962083e+00
6.944212549760617321e+02,2.396619999999999891e+03,1.286701208517346373e+00
6.951822098933436109e+02,2.396369999999999891e+03,1.368612436009551736e+00
6.959430906966534849e+02,2.396590000000000146e+03,1.523778199082792995e+00
6.967038973814782139e+02,2.396519999999999982e+03,1.506519166821318700e+00
6.974646299433048853e+02,2.396710000000000036e+03,1.387767992137014073e+00
6.982252883776201315e+02,2.396610000000000127e+03,1.406378327478065238e+00
6.989858726799111537e+02,2.396719999999999800e+03,1.334765897077086594e+00
6.997463828456649253e+02,2.396639999999999873e+03,1.539610340313418479e+00
7.005068188703680789e+02,2.396510000000000218e+03,1.352737964278374116e+00
7.012671807495077019e+02,2.396809999999999945e+03,1.390647331281371413e+00
7.020274684785707677e+02,2.396280000000000200e+03,1.357055636294989709e+00
7.027876820530441364e+02,2.396789999999999964e+03,1.458046638485888558e+00
7.035478214684148952e+02,2.396590000000000146e+03,1.273538377906217489e+00
7.043078867201696767e+02,2.396820000000000164e+03,1.409822683886168715e+00
7.050678778037956818e+02,2.396429999999999836e+03,1.484957911861477742e+00
7.058277947147798841e+02,2.396610000000000127e+03,1.325858212630596666e+00
7.065876374486090299e+02,2.396360000000000127e+03,1.459588983241515203e+00
7.073474060007699791e+02,2.396619999999999891e+03,1.231097071720991254e+00
7.081071003667500463e+02,2.396780000000000200e+03,1.493854075872204978e+00
7.088667205420357504e+02,2.396239999999999782e+03,1.386506400994961030e+00
7.096262665221142925e+02,2.396789999999999964e+03,1.394955196413131926e+00
7.103857383024723049e+02,2.396329999999999927e+03,1.463249807790863777e+00
7.111451358785971024e+02,2.396699999999999818e+03,1.307669683062202326e+00
7.119044592459753176e+02,2.396320000000000164e+03,1.528921188289311450e+00
7.126637084000939240e+02,2.396659999999999854e+03,1.350703520392243506e+00
7.134228833364400089e+02,2.396500000000000000e+03,1.431782106327635251e+00
7.141819840505004322e+02,2.396639999999999873e+03,1.473227748856231756e+00
7.149410105377621676e+02,2.396699999999999818e+03,1.532970971675589267e+00
7.156999627937120749e+02,2.396630000000000109e+03,1.467344540317644386e+00
7.164588408138370141e+02,2.396579999999999927e+03,1.282029640842987650e+00
7.172176445936240725e+02,2.396449999999999818e+03,1.359227721906818953e+00
7.179763741285599963e+02,2.396570000000000164e+03,1.484957911861477520e+00
7.187350294141319864e+02,2.396190000000000055e+03,1.501299437154360650e+00
7.194936104458267891e+02,2.396500000000000000e+03,1.410673597966588533e+00
7.202521172191312644e+02,2.396369999999999891e+03,1.514298517466090566e+00
7.210105497295326131e+02,2.396550000000000182e+03,1.499166435056495050e+00
7.217689079725175816e+02,2.396329999999999927e+03,1.510331089529709736e+00
7.225271919435730297e+02,2.396440000000000055e+03,1.492112596287559212e+00
7.232854016381859310e+02,2.396699999999999818e+03,1.244989959798873391e+00
7.240435370518434866e+02,2.396730000000000018e+03,1.340559584651126235e+00
7.248015981800323289e+02,2.396659999999999854e+03,1.443745129861915721e+00
7.255595850182393178e+02,2.396699999999999818e+03,1.603121954188140075e+00
7.263174975619517681e+02,2.396809999999999945e+03,1.610558909198915423e+00
7.270753358066563123e+02,2.396460000000000036e+03,1.472548810735997193e+00
7.278330997478398103e+02,2.396420000000000073e+03,1.365137355726521839e+00
7.285907893809895768e+02,2.396409999999999854e+03,1.319810592471510446e+00
7.293484047015921306e+02,2.396429999999999836e+03,1.336076345124035170e+00
7.301059457051346726e+02,2.396590000000000146e+03,1.428950663948899136e+00
7.308634123871039492e+02,2.396630000000000109e+03,1.480911881240744021e+00
7.316208047429871613e+02,2.396610000000000127e+03,1.448412924548797331e+00
7.323781227682709414e+02,2.396480000000000018e+03,1.486472334084963931e+00
7.331353664584423768e+02,2.396550000000000182e+03,1.351850583459577759e+00
7.338925358089883275e+02,2.396460000000000036e+03,1.402996792583646402e+00
7.346496308153957671e+02,2.396769999999999982e+03,1.377352532941367391e+00
7.354066514731516691e+02,2.396300000000000182e+03,1.493318452306807931e+00
7.361635977777428934e+02,2.396570000000000164e+03,1.401820245252578756e+00
7.369204697246563001e+02,2.396519999999999982e+03,1.374627222195166754e+00
7.376772673093790900e+02,2.396750000000000000e+03,1.437880384454840454e+00
7.384339905273980094e+02,2.396659999999999854e+03,1.450655024463086917e+00
7.391906393741999182e+02,2.396269999999999982e+03,1.554702543897063416e+00
7.399472138452720174e+02,2.396599999999999909e+03,1.414213562373095145e+00
7.407037139361009395e+02,2.396480000000000018e+03,1.360000000000000098e+00
7.414601396421737718e+02,2.396599999999999909e+03,1.618641405623864715e+00
7.422164909589772606e+02,2.396449999999999818e+03,1.259960316835415428e+00
7.429727678819986068e+02,2.396489999999999782e+03,1.466253729748026924e+00
7.437289704067245566e+02,2.396550000000000182e+03,1.492481155659930003e+00
7.444850985286421974e+02,2.396670000000000073e+03,1.414602417642497834e+00
7.452411522432383890e+02,2.396510000000000218e+03,1.367442869007696515e+00
7.459971315459998777e+02,2.396559999999999945e+03,1.485395570210171545e+00
7.467530364324139782e+02,2.396809999999999945e+03,1.254551712764364391e+00
7.475088668979673230e+02,2.396630000000000109e+03,1.432864264332110116e+00
7.482646229381469993e+02,2.396710000000000036e+03,1.290697485857937199e+00
7.490203045484398672e+02,2.396550000000000182e+03,1.512448346225417684e+00
7.497759117243327864e+02,2.396690000000000055e+03,1.622929450099418025e+00
7.505314444613127307e+02,2.396309999999999945e+03,1.460787458872782274e+00
7.512869027548667873e+02,2.396659999999999854e+03,1.365430335095862535e+00
7.520422866004815887e+02,2.396670000000000073e+03,1.319507483874191589e+00
7.527975959936443360e+02,2.396590000000000146e+03,1.428950663948899136e+00
7.535528309298420027e+02,2.396690000000000055e+03,1.404955515310004621e+00
7.543079914045612213e+02,2.396159999999999854e+03,1.286234815265081988e+00
7.550630774132890792e+02,2.396510000000000218e+03,1.431747184386964244e+00
7.558180889515127774e+02,2.396510000000000218e+03,1.396388198174132178e+00
7.565730260147188346e+02,2.396550000000000182e+03,1.499166435056495272e+00
7.573278885983942246e+02,2.396329999999999927e+03,1.304262243569137558e+00
7.580826766980261482e+02,2.396610000000000127e+03,1.363048054912225027e+00
7.588373903091013517e+02,2.396510000000000218e+03,1.565215640095638738e+00
7.595920294271066950e+02,2.396519999999999982e+03,1.486472334084963931e+00
7.603465940475293792e+02,2.396750000000000000e+03,1.381122731693313233e+00
7.611010841658560366e+02,2.396400000000000091e+03,1.637070554374490117e+00
7.618554997775737547e+02,2.396699999999999818e+03,1.417744687875782672e+00
7.626098408781695071e+02,2.396500000000000000e+03,1.493318452306807931e+00
7.633641074631300398e+02,2.396539999999999964e+03,1.388668426947195833e+00
7.641182995279425541e+02,2.396460000000000036e+03,1.639634105524765850e+00
7.648724170680937959e+02,2.396750000000000000e+03,1.194780314534852117e+00
7.656264600790706254e+02,2.396429999999999836e+03,1.563681553258207346e+00
7.663804285563602434e+02,2.396510000000000218e+03,1.284484332329514977e+00
7.671343224954492825e+02,2.396670000000000073e+03,1.371531990148243008e+00
7.678881418918249437e+02,2.396320000000000164e+03,1.370255450636851169e+00
7.686418867409739732e+02,2.396670000000000073e+03,1.400392802038056717e+00
7.693955570383833447e+02,2.396389999999999873e+03,1.355691705366673716e+00
7.701491527795400316e+02,2.396699999999999818e+03,1.431782106327635473e+00
7.709026739599310076e+02,2.396539999999999964e+03,1.492782636554967235e+00
7.716561205750431327e+02,2.396579999999999927e+03,1.497865147468222524e+00
7.724094926203632667e+02,2.396409999999999854e+03,1.477125587077821711e+00
7.731627900913784970e+02,2.396699999999999818e+03,1.352774925846868426e+00
7.739160129835755697e+02,2.396739999999999782e+03,1.361029022467926675e+00
7.746691612924415722e+02,2.396440000000000055e+03,1.576832267554162170e+00
7.754222350134633643e+02,2.396909999999999854e+03,1.470340096712321687e+00
7.761752341421280335e+02,2.396539999999999964e+03,1.352183419510829543e+00
7.769281586739222121e+02,2.396670000000000073e+03,1.490335532690541420e+00
7.776810086043331012e+02,2.396519999999999982e+03,1.621604144049959118e+00
7.784337839288474470e+02,2.396869999999999891e+03,1.572609296678612267e+00
7.791864846429524505e+02,2.396400000000000091e+03,1.378404875209022329e+00
7.799391107421348579e+02,2.396760000000000218e+03,1.510761397441700682e+00
7.806916622218815291e+02,2.396420000000000073e+03,1.517761509592334024e+00
7.814441390776793241e+02,2.396610000000000127e+03,1.420528070824367717e+00
7.821965413050154439e+02,2.396590000000000146e+03,1.414885154349991625e+00
7.829488688993767482e+02,2.396510000000000218e+03,1.410638153461049482e+00
7.837011218562499835e+02,2.396760000000000218e+03,1.613195586406062976e+00
7.844533001711223505e+02,2.396449999999999818e+03,1.437880384454840899e+00
7.852054038394805957e+02,2.396460000000000036e+03,1.381448515146329825e+00
7.859574328568116925e+02,2.396389999999999873e+03,1.406378327478065460e+00
7.867093872186025010e+02,2.396599999999999909e+03,1.509966887054150053e+00
7.874612669203403357e+02,2.396559999999999945e+03,1.358823020117042590e+00
7.882130719575116018e+02,2.396650000000000091e+03,1.492481155659930003e+00
7.889648023256033866e+02,2.396539999999999964e+03,1.366894289987341971e+00
7.897164580201028912e+02,2.396670000000000073e+03,1.476854766048442569e+00
7.904680390364967479e+02,2.396639999999999873e+03,1.480000000000000204e+00
7.912195453702719306e+02,2.396539999999999964e+03,1.590094336824076526e+00
7.919709770169156400e+02,2.396599999999999909e+03,1.476482306023340296e+00
7.927223339719143951e+02,2.396309999999999945e+03,1.404955515310004621e+00
7.934736162307553968e+02,2.396719999999999800e+03,1.428845687959340083e+00
7.942248237889255051e+02,2.396340000000000146e+03,1.335814358359723286e+00
7.949759566419116936e+02,2.396469999999999800e+03,1.291936530948792239e+00
7.957270147852009359e+02,2.396579999999999927e+03,1.497865147468222524e+00
7.964779982142800918e+02,2.396349999999999909e+03,1.472243186433545903e+00
7.972289069246359077e+02,2.396829999999999927e+03,1.463249807790863999e+00
7.979797409117555844e+02,2.396619999999999891e+03,1.339999999999999858e+00
7.987305001711259820e+02,2.396559999999999945e+03,1.395134402127623074e+00
7.994811846982340739e+02,2.396710000000000036e+03,1.471699697628561454e+00
8.002317944885667202e+02,2.396699999999999818e+03,1.228820572744451001e+00
8.009823295376107808e+02,2.396400000000000091e+03,1.349073756323204254e+00
8.017327898408532292e+02,2.396699999999999818e+03,1.300000000000000266e+00
8.024831753937811527e+02,2.396519999999999982e+03,1.417603611733548208e+00
8.032334861918815250e+02,2.396559999999999945e+03,1.583161394173064229e+00
8.039837222306409785e+02,2.396360000000000127e+03,1.459588983241515203e+00
8.047338835055466006e+02,2.396500000000000000e+03,1.466287829861518066e+00
8.054839700120852513e+02,2.396519999999999982e+03,1.545833108715167992e+00
8.062339817457440176e+02,2.396469999999999800e+03,1.403246236410416792e+00
8.069839187020097597e+02,2.396699999999999818e+03,1.382027496108525488e+00
8.077337808763693374e+02,2.396519999999999982e+03,1.499866660740214019e+00
8.084835682643097243e+02,2.396829999999999927e+03,1.435653161456484916e+00
8.092332808613178941e+02,2.396550000000000182e+03,1.465435088975284739e+00
8.099829186628807065e+02,2.396719999999999800e+03,1.549709650224841306e+00
8.107324816644852490e+02,2.396380000000000109e+03,1.635726138447386679e+00
8.114819698616182677e+02,2.396639999999999873e+03,1.367625679782300763e+00
8.122313832497668500e+02,2.396539999999999964e+03,1.465742132846020063e+00
8.129807218244177420e+02,2.396599999999999909e+03,1.407124727947028919e+00
8.137299855810580311e+02,2.396550000000000182e+03,1.381122731693313677e+00
8.144791745151745772e+02,2.396440000000000055e+03,1.551257554373225211e+00
8.152282886222543539e+02,2.396780000000000200e+03,1.446236495183273796e+00
8.159773278977842210e+02,2.396420000000000073e+03,1.563201842373530548e+00
8.167262923372512660e+02,2.396719999999999800e+03,1.442775103749714738e+00
8.174751819361421212e+02,2.396460000000000036e+03,1.458903697986950521e+00
8.182239966899441015e+02,2.396420000000000073e+03,1.408403351316660279e+00
8.189727365941439530e+02,2.396659999999999854e+03,1.491442255000172468e+00
8.197214016442286493e+02,2.396409999999999854e+03,1.442879066311518521e+00
8.204699918356850503e+02,2.396519999999999982e+03,1.519736819321029886e+00
8.212185071640000160e+02,2.396579999999999927e+03,1.511158495989087136e+00
8.219669476246606337e+02,2.396630000000000109e+03,1.361286156544611048e+00
8.227153132131538769e+02,2.396289999999999964e+03,1.525090161269162081e+00
8.234636039249663781e+02,2.396960000000000036e+03,1.502797391533535976e+00
8.242118197555853385e+02,2.396659999999999854e+03,1.328307193385626306e+00
8.249599607004977315e+02,2.396670000000000073e+03,1.470068025636909192e+00
8.257080267551903034e+02,2.396829999999999927e+03,1.543081332918002646e+00
8.264560179151501416e+02,2.396610000000000127e+03,1.495961229444132456e+00
8.272039341758642195e+02,2.396550000000000182e+03,1.402676013910553854e+00
8.279517755328191697e+02,2.396289999999999964e+03,1.471699697628561676e+00
8.286995419815020796e+02,2.396519999999999982e+03,1.452446212429224559e+00
8.294472335173999227e+02,2.396320000000000164e+03,1.263962024745996837e+00
8.301948501359996726e+02,2.396880000000000109e+03,1.444160655882855471e+00
8.309423918327881893e+02,2.396579999999999927e+03,1.401285124448268693e+00
8.316898586032523326e+02,2.396409999999999854e+03,1.342348687934695750e+00
8.324372504428791899e+02,2.396699999999999818e+03,1.389244398944980752e+00
8.331845673471557348e+02,2.396420000000000073e+03,1.484452761121080488e+00
8.339318093115685997e+02,2.396730000000000018e+03,1.448136733875637905e+00
8.346789763316050994e+02,2.396530000000000200e+03,1.479560745626890439e+00
8.354260684027519801e+02,2.396750000000000000e+03,1.545153714036244352e+00
8.361730855204961017e+02,2.396570000000000164e+03,1.471427877947131924e+00
8.369200276803243241e+02,2.396889999999999873e+03,1.475770984943124642e+00
8.376668948777238484e+02,2.396170000000000073e+03,1.476854766048442569e+00
8.384136871081815343e+02,2.396699999999999818e+03,1.539480431834065355e+00
8.391604043671841282e+02,2.396340000000000146e+03,1.415768342632367283e+00
8.399070466502187173e+02,2.396559999999999945e+03,1.366162508635045292e+00
8.406536139527722753e+02,2.396449999999999818e+03,1.465435088975284739e+00
8.414001062703315483e+02,2.396630000000000109e+03,1.634961773253429618e+00
8.421465235983837374e+02,2.396420000000000073e+03,1.594866765595170266e+00
8.428928659324155888e+02,2.396429999999999836e+03,1.336076345124035170e+00
8.436391332679140760e+02,2.396710000000000036e+03,1.402105559506843901e+00
8.443853256003660590e+02,2.396340000000000146e+03,1.387227450708786725e+00
8.451314429252585114e+02,2.396579999999999927e+03,1.422532952166662534e+00
8.458774852380784068e+02,2.396429999999999836e+03,1.343540099885373706e+00
8.466234525343127189e+02,2.396829999999999927e+03,1.393233648746684539e+00
8.473693448094483074e+02,2.396650000000000091e+03,1.291317157014496120e+00
8.481151620589720324e+02,2.396360000000000127e+03,1.609471963098456859e+00
8.488609042783709810e+02,2.396650000000000091e+03,1.251998402554891587e+00
8.496065714631318997e+02,2.396449999999999818e+03,1.538668255342912072e+00
8.503521636087419893e+02,2.396809999999999945e+03,1.547223319369249950e+00
8.510976807106879960e+02,2.396449999999999818e+03,1.492481155659930003e+00
8.518431227644570072e+02,2.396500000000000000e+03,1.284523257866512891e+00
8.525884897655355417e+02,2.396440000000000055e+03,1.465059725744995323e+00
8.533337817094109141e+02,2.396780000000000200e+03,1.345956908671299024e+00
8.540789985915700981e+02,2.396389999999999873e+03,1.399249798999449679e+00
8.548241404074997263e+02,2.396500000000000000e+03,1.634013463836819113e+00
8.555692071526869995e+02,2.396690000000000055e+03,1.397819730866609378e+00
8.563141988226186641e+02,2.396679999999999836e+03,1.427445270404438249e+00
8.570591154127818072e+02,2.396650000000000091e+03,1.472243186433545903e+00
8.578039569186632889e+02,2.396619999999999891e+03,1.419718281913703972e+00
8.585487233357500827e+02,2.396630000000000109e+03,1.270078737716681783e+00
8.592934146595289349e+02,2.396530000000000200e+03,1.459143584435746988e+00
8.600380308854870464e+02,2.396710000000000036e+03,1.267241097818406326e+00
8.607825720091111634e+02,2.396650000000000091e+03,1.479019945774904032e+00
8.615270380258882597e+02,2.396760000000000218e+03,1.662046930745338713e+00
8.622714289313053087e+02,2.396610000000000127e+03,1.348295219898075770e+00
8.630157447208490566e+02,2.396610000000000127e+03,1.441492282324119856e+00
8.637599853900069320e+02,2.396519999999999982e+03,1.195658814210809995e+00
8.645041509342652262e+02,2.396570000000000164e+03,1.380253599886629434e+00
8.652482413491113675e+02,2.396559999999999945e+03,1.505456741324705305e+00
8.659922566300319886e+02,2.396389999999999873e+03,1.413470905254154975e+00
8.667361967725141767e+02,2.396559999999999945e+03,1.451344204522138970e+00
8.674800617720449054e+02,2.396309999999999945e+03,1.309160036053652387e+00
8.682238516241109210e+02,2.396769999999999982e+03,1.434259390765840525e+00
8.689675663241991970e+02,2.396760000000000218e+03,1.327554142022087325e+00
8.697112058677968207e+02,2.396579999999999927e+03,1.582276840505478566e+00
8.704547702503904247e+02,2.396570000000000164e+03,1.401820245252578756e+00
8.711982594674674374e+02,2.396400000000000091e+03,1.456021977856103877e+00
8.719416735145142638e+02,2.396440000000000055e+03,1.525254077195009605e+00
8.726850123870182188e+02,2.396519999999999982e+03,1.565119803721108260e+00
8.734282760804659347e+02,2.396519999999999982e+03,1.330263131865271342e+00
8.741714645903447263e+02,2.396440000000000055e+03,1.358823020117042590e+00
8.749145779121411124e+02,2.396650000000000091e+03,1.558043645088288409e+00
8.756576160413422940e+02,2.396530000000000200e+03,1.452274078815703362e+00
8.764005789734350174e+02,2.396570000000000164e+03,1.478208375027012078e+00
8.771434667039063697e+02,2.396519999999999982e+03,1.445544879967412211e+00
8.778862792282430974e+02,2.396559999999999945e+03,1.518683640525570588e+00
8.786290165419322875e+02,2.396639999999999873e+03,1.367625679782300763e+00
8.793716786404609138e+02,2.396530000000000200e+03,1.374445342674636805e+00
8.801142655193158362e+02,2.396559999999999945e+03,1.451344204522138970e+00
8.808567771739840282e+02,2.396469999999999800e+03,1.431467778191321871e+00
8.815992135999522361e+02,2.396500000000000000e+03,1.322875655532295358e+00
8.823415747927077746e+02,2.396780000000000200e+03,1.300615239031128523e+00
8.830838607477371625e+02,2.396619999999999891e+03,1.426744546160944482e+00
8.838260714605276007e+02,2.396539999999999964e+03,1.486068639060793561e+00
8.845682069265657219e+02,2.396769999999999982e+03,1.420246457485460745e+00
8.853102671413388407e+02,2.396400000000000091e+03,1.349073756323204254e+00
8.860522521003337033e+02,2.396409999999999854e+03,1.364514565697266368e+00
8.867941617990372833e+02,2.396309999999999945e+03,1.301499135612467661e+00
8.875359962329363270e+02,2.396420000000000073e+03,1.422532952166662534e+00
8.882777553975179217e+02,2.396349999999999909e+03,1.329473580030833268e+00
8.890194392882691545e+02,2.396659999999999854e+03,1.320757358487924416e+00
8.897610479006766582e+02,2.396599999999999909e+03,1.280624847486570017e+00
8.905025812302277473e+02,2.396550000000000182e+03,1.492481155659930003e+00
8.912440392724088269e+02,2.396610000000000127e+03,1.475770984943124864e+00
8.919854220227073256e+02,2.396719999999999800e+03,1.393413075868028317e+00
8.927267294766098757e+02,2.396480000000000018e+03,1.367333170810977050e+00
8.934679616296034510e+02,2.396519999999999982e+03,1.374627222195166754e+00
8.942091184771750250e+02,2.396289999999999964e+03,1.306101068064795534e+00
8.949502000148115712e+02,2.396869999999999891e+03,1.546964770122448485e+00
8.956912062380000634e+02,2.396599999999999909e+03,1.462873883832779498e+00
8.964321371422272478e+02,2.396760000000000218e+03,1.281561547488063502e+00
8.971729927229800978e+02,2.396400000000000091e+03,1.356465996625053849e+00
8.979137729757458146e+02,2.396500000000000000e+03,1.459451951932642322e+00
8.986544778960111444e+02,2.396460000000000036e+03,1.445129751960009923e+00
8.993951074792628333e+02,2.396650000000000091e+03,1.416862731530475594e+00
9.001356617209879687e+02,2.396619999999999891e+03,1.369525465261599129e+00
9.008761406166736379e+02,2.396380000000000109e+03,1.611086589851705941e+00
9.016165441618064733e+02,2.396530000000000200e+03,1.571337010319555638e+00
9.023568723518736761e+02,2.396489999999999782e+03,1.352737964278374116e+00
9.030971251823619923e+02,2.396659999999999854e+03,1.343279568816558411e+00
9.038373026487583957e+02,2.396590000000000146e+03,1.319810592471510446e+00
9.045774047465499734e+02,2.396340000000000146e+03,1.524598307751914072e+00
9.053174314712234718e+02,2.396550000000000182e+03,1.532155344604456459e+00
9.060573828182660918e+02,2.396730000000000018e+03,1.391797399049157669e+00
9.067972587831642386e+02,2.396780000000000200e+03,1.411240588985450017e+00
9.075370593614053405e+02,2.396519999999999982e+03,1.445544879967412211e+00
9.082767845484761438e+02,2.396840000000000146e+03,1.332066064427736674e+00
9.090164343398635083e+02,2.396480000000000018e+03,1.360000000000000098e+00
9.097560087310545214e+02,2.396360000000000127e+03,1.445821565754225491e+00
9.104955077175360429e+02,2.396280000000000200e+03,1.619135571840727428e+00
9.112349312947949329e+02,2.396670000000000073e+03,1.371531990148243008e+00
9.119742794583182786e+02,2.396570000000000164e+03,1.662858983798686463e+00
9.127135522035928261e+02,2.396690000000000055e+03,1.521150880090466284e+00
9.134527495261058903e+02,2.396329999999999927e+03,1.435653161456484916e+00
9.141918714213437624e+02,2.396800000000000182e+03,1.435270009440732464e+00
9.149309178847939847e+02,2.396639999999999873e+03,1.493452376207557775e+00
9.156698889119430760e+02,2.396360000000000127e+03,1.480000000000000204e+00
9.164087844982781235e+02,2.396739999999999782e+03,1.361029022467926453e+00
9.171476046392862145e+02,2.396690000000000055e+03,1.354215640140077781e+00
9.178863493304540953e+02,2.396739999999999782e+03,1.507448174896901527e+00
9.186250185672686257e+02,2.396610000000000127e+03,1.420528070824367717e+00
9.193636123452168931e+02,2.396449999999999818e+03,1.577181029558750724e+00
9.201021306597857574e+02,2.396530000000000200e+03,1.621449968392487895e+00
9.208405735064621922e+02,2.396659999999999854e+03,1.429825164137210169e+00
9.215789408807333984e+02,2.396750000000000000e+03,1.465435088975284517e+00
9.223172327780856676e+02,2.396389999999999873e+03,1.413470905254154975e+00
9.230554491940064281e+02,2.396599999999999909e+03,1.456021977856103877e+00
9.237935901239824261e+02,2.396420000000000073e+03,1.401285124448268693e+00
9.245316555635006353e+02,2.396699999999999818e+03,1.445683229480096310e+00
9.252696455080480291e+02,2.396559999999999945e+03,1.465059725744995101e+00
9.260075599531114676e+02,2.396829999999999927e+03,1.342050669684270892e+00
9.267453988941779244e+02,2.396500000000000000e+03,1.459451951932642322e+00
9.274831623267343730e+02,2.396670000000000073e+03,1.378803829411566539e+00
9.282208502462676734e+02,2.396730000000000018e+03,1.333079142436787379e+00
9.289584626482647991e+02,2.396539999999999964e+03,1.381448515146329825e+00
9.296959995282127238e+02,2.396750000000000000e+03,1.465435088975284517e+00
9.304334608815981937e+02,2.396579999999999927e+03,1.443468046061290533e+00
9.311708467039082961e+02,2.396590000000000146e+03,1.483880049060570139e+00
9.319081569906300047e+02,2.396650000000000091e+03,1.336974195712093971e+00
9.326453917372499518e+02,2.396329999999999927e+03,1.536587127370263817e+00
9.333825509392555659e+02,2.396440000000000055e+03,1.423516771941939929e+00
9.341196345921333659e+02,2.396639999999999873e+03,1.403709371629326963e+00
9.348566426913704390e+02,2.396639999999999873e+03,1.493452376207557775e+00
9.355935752324537589e+02,2.396420000000000073e+03,1.312859474582104724e+00
9.363304322108701854e+02,2.396579999999999927e+03,1.511158495989087136e+00
9.370672136221068058e+02,2.396630000000000109e+03,1.361286156544611048e+00
9.378039194616502527e+02,2.396760000000000218e+03,1.510761397441700682e+00
9.385405497249877271e+02,2.396809999999999945e+03,1.460787458872782274e+00
9.392771044076059752e+02,2.396880000000000109e+03,1.524991803256660061e+00
9.400135835049920843e+02,2.396400000000000091e+03,1.529705854077835436e+00
9.407499870126328005e+02,2.396829999999999927e+03,1.435653161456484916e+00
9.414863149260152113e+02,2.396510000000000218e+03,1.410638153461049482e+00
9.422225672406261765e+02,2.396710000000000036e+03,1.614280025274425379e+00
9.429587439519527834e+02,2.396639999999999873e+03,1.578100123566309243e+00
9.436948450554816645e+02,2.396739999999999782e+03,1.487413863052243990e+00
9.444308705467001346e+02,2.396630000000000109e+03,1.501032977652389633e+00
9.451668204210948261e+02,2.396570000000000164e+03,1.491676908717165739e+00
9.459026946741527127e+02,2.396760000000000218e+03,1.436105845681299176e+00
9.466384933013608816e+02,2.396619999999999891e+03,1.495192295325253218e+00
9.473742162982060790e+02,2.396369999999999891e+03,1.480911881240744021e+00
9.481098636601752787e+02,2.396650000000000091e+03,1.381122731693313233e+00
9.488454353827554542e+02,2.396559999999999945e+03,1.458218090684654911e+00
9.495809314614335790e+02,2.396429999999999836e+03,1.524827859136892894e+00
9.503163518916965131e+02,2.396630000000000109e+03,1.277928010491983679e+00
9.510516966690312302e+02,2.396630000000000109e+03,1.439826378422064845e+00
9.517869657889247037e+02,2.396340000000000146e+03,1.335814358359723286e+00
9.525221592468637937e+02,2.396739999999999782e+03,1.432619977523697630e+00
9.532572770383353600e+02,2.396719999999999800e+03,1.463420650394137157e+00
9.539923191588264899e+02,2.396880000000000109e+03,1.650939126679115132e+00
9.547272856038240434e+02,2.396460000000000036e+03,1.532449020359241576e+00
9.554621763688148803e+02,2.396739999999999782e+03,1.418590850104426426e+00
9.561969914492860880e+02,2.396289999999999964e+03,1.485227255338387398e+00
9.569317308407244127e+02,2.396570000000000164e+03,1.450896274721249490e+00
9.576663945386170553e+02,2.396800000000000182e+03,1.349073756323204254e+00
9.584009825384507621e+02,2.396429999999999836e+03,1.321022331378239656e+00
9.591354948357123931e+02,2.396380000000000109e+03,1.501865506628339730e+00
9.598699314258890354e+02,2.396599999999999909e+03,1.435270009440732464e+00
