# {'start_index': 50, 'dark_data_file': 'dark_2015-06-27.csv', 'end_index': 998, 'integration_time_us': 10000}
2.310837162806080016e+02,5.240989626443206401e-02
2.318877544995400797e+02,5.157380578935576165e-02
2.326917212762363363e+02,5.371625174541687364e-02
2.334956166061837735e+02,5.243855975639932776e-02
2.342994404848692795e+02,5.018591959587474782e-02
2.351031929077797713e+02,5.299958153159539664e-02
2.359068738704021939e+02,5.733783417105527136e-02
2.367104833682235210e+02,5.498517317666659632e-02
2.375140213967306408e+02,5.510989481407516100e-02
2.383174879514104987e+02,5.130215754217494484e-02
2.391208830277500113e+02,5.109891444836084373e-02
2.399242066212361237e+02,5.394652835509165800e-02
2.407274587273557813e+02,5.819933188330697615e-02
2.415306393415959008e+02,5.949054495718367891e-02
2.423337484594434272e+02,5.448920865142411335e-02
2.431367860763852491e+02,6.111800010131320654e-02
2.439397521879083683e+02,5.527150367691267829e-02
2.447426467894996449e+02,6.392805487168957967e-02
2.455454698766460524e+02,6.012172554628645443e-02
2.463482214448345360e+02,6.307006505322376722e-02
2.471509014895520124e+02,5.863745374436616503e-02
2.479535100062853985e+02,6.384393421775025335e-02
2.487560469905216110e+02,6.177313435398869984e-02
2.495585124377476518e+02,6.304915177498629508e-02
2.503609063434503810e+02,6.663367665735692169e-02
2.511632287031167721e+02,6.400573223797015321e-02
2.519654795122337134e+02,6.262997971481862325e-02
2.527676587662881786e+02,6.392772705819473045e-02
2.535697664607671129e+02,6.741828515179444647e-02
2.543718025911574045e+02,6.518987786322495703e-02
2.551737671529460272e+02,6.494855990725928452e-02
2.559756601416198691e+02,6.534959882179383617e-02
2.567774815526658472e+02,6.937563152361413132e-02
2.575792313815709917e+02,6.519784371914351395e-02
2.583809096238221059e+02,7.185982573926029404e-02
2.591825162749062770e+02,6.722456033525495145e-02
2.599840513303103080e+02,6.950885056540630214e-02
2.607855147855211158e+02,6.553474901923088403e-02
2.615869066360257875e+02,7.412710693417261243e-02
2.623882268773110695e+02,7.415937612791888289e-02
2.631894755048640491e+02,7.548589669428060200e-02
2.639906525141715292e+02,7.385727926459123571e-02
2.647917579007204836e+02,7.503713951346326072e-02
2.655927916599978857e+02,7.518284738020321323e-02
2.663937537874906525e+02,7.589604035309556462e-02
2.671946442786857006e+02,8.051819226567827337e-02
2.679954631290700036e+02,7.693337142995210209e-02
2.687962103341304783e+02,7.875463060870203924e-02
2.695968858893539846e+02,8.191119656105676217e-02
2.703974897902274961e+02,7.913603294239293651e-02
2.711980220322380433e+02,8.760393658130548322e-02
2.719984826108723723e+02,8.700902949212073467e-02
2.727988715216175706e+02,8.756998675391393372e-02
2.735991887599604979e+02,9.199937807723633509e-02
2.743994343213880143e+02,8.775215366870792177e-02
2.751996082013872638e+02,8.892782810292697293e-02
2.759997103954450495e+02,9.292323220190966404e-02
2.767997408990482313e+02,9.342745272353478181e-02
2.775996997076838397e+02,9.017663034908801611e-02
2.783995868168387915e+02,9.929928949353150625e-02
2.791994022220000033e+02,9.249872706759762475e-02
2.799991459186544489e+02,9.546053681555277670e-02
2.807988179022890449e+02,9.722702914907763172e-02
2.815984181683906513e+02,9.761218693935948265e-02
2.823979467124461848e+02,1.051905593588857296e-01
2.831974035299427896e+02,1.080537581217232979e-01
2.839967886163670983e+02,1.053108236322333607e-01
2.847961019672063685e+02,1.088915484518640925e-01
2.855953435779472898e+02,1.059154992948699026e-01
2.863945134440768356e+02,1.093646683404246728e-01
2.871936115610819797e+02,1.154709182380491278e-01
2.879926379244497525e+02,1.166624865700305186e-01
2.887915925296668433e+02,1.201677637861113951e-01
2.895904753722203395e+02,1.249387366082999468e-01
2.903892864475972146e+02,1.265533361403324841e-01
2.911880257512842718e+02,1.295317880404627253e-01
2.919866932787684846e+02,1.319547496826466992e-01
2.927852890255368834e+02,1.368978536985685224e-01
2.935838129870763282e+02,1.397443663792598822e-01
2.943822651588737358e+02,1.398790864012350588e-01
2.951806455364160229e+02,1.494038436461180841e-01
2.959789541151902199e+02,1.528944318414240389e-01
2.967771908906830731e+02,1.556511025456520370e-01
2.975753558583816698e+02,1.631018866566874559e-01
2.983734490137729267e+02,1.704301662918543958e-01
2.991714703523437606e+02,1.691079503173697207e-01
2.999694198695810883e+02,1.762820918244094315e-01
3.007672975609717696e+02,1.850394326185048066e-01
3.015651034220029487e+02,1.857591724410325718e-01
3.023628374481613719e+02,1.956652702998036564e-01
3.031604996349340126e+02,2.022408523108251421e-01
3.039580899778078447e+02,2.114576569775572235e-01
3.047556084722697278e+02,2.162980781605280400e-01
3.055530551138066357e+02,2.255681353578922466e-01
3.063504298979054852e+02,2.335023135994849508e-01
3.071477328200533066e+02,2.419358337859932317e-01
3.079449638757367893e+02,2.481990658328372956e-01
3.087421230604431912e+02,2.571579822769350376e-01
3.095392103696592585e+02,2.652868871117202154e-01
3.103362257988718511e+02,2.723524049536671932e-01
3.111331693435679995e+02,2.812336819844962199e-01
3.119300409992346772e+02,2.894866056344084226e-01
3.127268407613587442e+02,3.017697601385833095e-01
3.135235686254271741e+02,3.098066690970271431e-01
3.143202245869268836e+02,3.178998483178863688e-01
3.151168086413447895e+02,3.249918179424416964e-01
3.159133207841677518e+02,3.338372472440370164e-01
3.167097610108829144e+02,3.421329193476860819e-01
3.175061293169770238e+02,3.475343384842148331e-01
3.183024256979371103e+02,3.529215582879468571e-01
3.190986501492500338e+02,3.621199519276124268e-01
3.198948026664027111e+02,3.658530916647396158e-01
3.206908832448821727e+02,3.703022213979194621e-01
3.214868918801753352e+02,3.747511565319421867e-01
3.222828285677690019e+02,3.800114449953009288e-01
3.230786933031503168e+02,3.902165970564850372e-01
3.238744860818059692e+02,3.941987097311469013e-01
3.246702068992230465e+02,4.004363758366951132e-01
3.254658557508884087e+02,4.040079942280586645e-01
3.262614326322891429e+02,4.103801417468534440e-01
3.270569375389120523e+02,4.144962617718680464e-01
3.278523704662439968e+02,4.169028952998050097e-01
3.286477314097720637e+02,4.238624666239973471e-01
3.294430203649830560e+02,4.302166343268352122e-01
3.302382373273640042e+02,4.343852225381402699e-01
3.310333822924017682e+02,4.394440026742612582e-01
3.318284552555833216e+02,4.480766608297072628e-01
3.326234562123955811e+02,4.573527158615884880e-01
3.334183851583254636e+02,4.611901074979459225e-01
3.342132420888599995e+02,4.651001266473741014e-01
3.350080269994859918e+02,4.753547981589750226e-01
3.358027398856904142e+02,4.829448955950193523e-01
3.365973807429602971e+02,4.876439041476471337e-01
3.373919495667823867e+02,4.950529740732010908e-01
3.381864463526437703e+02,5.046029065427488636e-01
3.389808710960313078e+02,5.114726439470436148e-01
3.397752237924318592e+02,5.201359975682988690e-01
3.405695044373325686e+02,5.306776936966293157e-01
3.413637130262201254e+02,5.395988631019922321e-01
3.421578495545816736e+02,5.514983444735187534e-01
3.429519140179040164e+02,5.623215789488011929e-01
3.437459064116741274e+02,5.727781534497582427e-01
3.445398267313788665e+02,5.833249607908643775e-01
3.453336749725053210e+02,5.976410243638156095e-01
3.461274511305402939e+02,6.098418493903258186e-01
3.469211552009707589e+02,6.246737033333822353e-01
3.477147871792836895e+02,6.363497264961448519e-01
3.485083470609658889e+02,6.532656547337335473e-01
3.493018348415043874e+02,6.676078335685015075e-01
3.500952505163861019e+02,6.862224754476565769e-01
3.508885940810980060e+02,7.014436261911608517e-01
3.516818655311269026e+02,7.197569195889859106e-01
3.524750648619599929e+02,7.391561985883772223e-01
3.532681920690838524e+02,7.587164109999997574e-01
3.540612471479857390e+02,7.751499724276080805e-01
3.548542300941522853e+02,7.927929815548208081e-01
3.556471409030706354e+02,8.131640831857805951e-01
3.564399795702276492e+02,8.316706381204915788e-01
3.572327460911102435e+02,8.486138367638158542e-01
3.580254404612053918e+02,8.668011557995227712e-01
3.588180626760000109e+02,8.848443179061313835e-01
3.596106127309809608e+02,9.008561220649892176e-01
3.604030906216353856e+02,9.184337372863238258e-01
3.611954963434500314e+02,9.331579244323632283e-01
3.619878298919118151e+02,9.462673137397207279e-01
3.627800912625078240e+02,9.608807466991837742e-01
3.635722804507248043e+02,9.717467425100677625e-01
3.643643974520497864e+02,9.841136904862827217e-01
3.651564422619696870e+02,9.935328958768535612e-01
3.659484148759714230e+02,1.004872470761696501e+00
3.667403152895419680e+02,1.012830554756024792e+00
3.675321434981682955e+02,1.020567831609222598e+00
3.683238994973372087e+02,1.026646135933392046e+00
3.691155832825357379e+02,1.032502169719082152e+00
3.699071948492508000e+02,1.036278216541563602e+00
3.706987341929692548e+02,1.039428276434567033e+00
3.714902013091781896e+02,1.042290858951186117e+00
3.722815961933643507e+02,1.043987939335383919e+00
3.730729188410147117e+02,1.044836012120517132e+00
3.738641692476163598e+02,1.044588730990260617e+00
3.746553474086559845e+02,1.045434841372162138e+00
3.754464533196207299e+02,1.042969073393180013e+00
3.762374869759974558e+02,1.041843469436854575e+00
3.770284483732730223e+02,1.038296879562052188e+00
3.778193375069345166e+02,1.035668071113766020e+00
3.786101543724687417e+02,1.030809374179062932e+00
3.794008989653627282e+02,1.023734823538537952e+00
3.801915712811032790e+02,1.016983020023557227e+00
3.809821713151773679e+02,1.009207374016650061e+00
3.817726990630719683e+02,9.996765571421696306e-01
3.825631545202739972e+02,9.877732377375348927e-01
3.833535376822703711e+02,9.762091036653324228e-01
3.841438485445480637e+02,9.630791606418270812e-01
3.849340871025939919e+02,9.498120671392317194e-01
3.857242533518951291e+02,9.361424665636403075e-01
3.865143472879382784e+02,9.245255414984879794e-01
3.873043689062104136e+02,9.103880112617168674e-01
3.880943182021986217e+02,8.974195927284900343e-01
3.888841951713895924e+02,8.819816236645905416e-01
3.896739998092704127e+02,8.661941979863193586e-01
3.904637321113279995e+02,8.470452315048502268e-01
3.912533920730492696e+02,8.267053553771060992e-01
3.920429796899210828e+02,8.041546986630054850e-01
3.928324949574305265e+02,7.819435695355900773e-01
3.936219378710644037e+02,7.585970697974087074e-01
3.944113084263098017e+02,7.351073829170667873e-01
3.952006066186534099e+02,7.109386231254662958e-01
3.959898324435823724e+02,6.867512927478892637e-01
3.967789858965834355e+02,6.612325220317738506e-01
3.975680669731436865e+02,6.367547713958497946e-01
3.983570756687500420e+02,6.130407398320132373e-01
3.991460119788893053e+02,5.895575213739131515e-01
3.999348758990485635e+02,5.668854624607673198e-01
4.007236674247147334e+02,5.451332176161211018e-01
4.015123865513746182e+02,5.231850343837561867e-01
4.023010332745152482e+02,5.017328588779602638e-01
4.030896075896235402e+02,4.796515132382187518e-01
4.038781094921864110e+02,4.588480507941772313e-01
4.046665389776909478e+02,4.372530533730413227e-01
4.054548960416237833e+02,4.164335878203764829e-01
4.062431806794720046e+02,3.946548868356858919e-01
4.070313928867226423e+02,3.739117884040623063e-01
4.078195326588623857e+02,3.530117320021600169e-01
4.086075999913784358e+02,3.320047943885986452e-01
4.093955948797575388e+02,3.126945577457417857e-01
4.101835173194867252e+02,2.931755959875568252e-01
4.109713673060529686e+02,2.742005159611312082e-01
4.117591448349429584e+02,2.556666957824409447e-01
4.125468499016439523e+02,2.382137806970282823e-01
4.133344825016426398e+02,2.206568722351436307e-01
4.141220426304259945e+02,2.042596902943094317e-01
4.149095302834811037e+02,1.880916128508511032e-01
4.156969454562946567e+02,1.723590310958600103e-01
4.164842881443537976e+02,1.573500010877443567e-01
4.172715583431453297e+02,1.422729790911406722e-01
4.180587560481562264e+02,1.277251234778460642e-01
4.188458812548734613e+02,1.135594565659782951e-01
4.196329339587839513e+02,1.000941590351187849e-01
4.204199141553744994e+02,8.698825392668908807e-02
4.212068218401323065e+02,7.487156509562886697e-02
4.219936570085440621e+02,6.540182293396987201e-02
4.227804196560967398e+02,5.704662953647899465e-02
4.235671097782773131e+02,5.066839703174633863e-02
4.243537273705726989e+02,4.518621937073133421e-02
4.251402724284698706e+02,4.121128855172243727e-02
4.259267449474557452e+02,3.809615759877309216e-02
4.267131449230172393e+02,3.566885564306099959e-02
4.274994723506412697e+02,3.365088794200797595e-02
4.282857272258148100e+02,3.178422958694229056e-02
4.290719095440247770e+02,3.046019207156524383e-02
4.298580193007580306e+02,2.950058394375228502e-02
4.306440564915016012e+02,2.832060006710544059e-02
4.314300211117423487e+02,2.774800625839038068e-02
4.322159131569672468e+02,2.718139384938330141e-02
4.330017326226632690e+02,2.679021887376250091e-02
4.337874795043172185e+02,2.637251754910986332e-02
4.345731537974161824e+02,2.577844498738747145e-02
4.353587554974470208e+02,2.527493883561767948e-02
4.361442845998966504e+02,2.535415339378288210e-02
4.369297411002519880e+02,2.487555964217179338e-02
4.377151249940000639e+02,2.488490078022017118e-02
4.385004362766276813e+02,2.487272464269280753e-02
4.392856749436218138e+02,2.460996298940111918e-02
4.400708409904694349e+02,2.420746140854697706e-02
4.408559344126574615e+02,2.436147106355054243e-02
4.416409552056727534e+02,2.418776988270454273e-02
4.424259033650023412e+02,2.411252405707835222e-02
4.432107788861331414e+02,2.414906849370222416e-02
4.439955817645520710e+02,2.409364731925478162e-02
4.447803119957460467e+02,2.395698896699000741e-02
4.455649695752019852e+02,2.396313010658301934e-02
4.463495544984069170e+02,2.376521496608498610e-02
4.471340667608476451e+02,2.391458734033914679e-02
4.479185063580111432e+02,2.350939538127703662e-02
4.487028732853843849e+02,2.361266998631883496e-02
4.494871675384542300e+02,2.356084921104321245e-02
4.502713891127077090e+02,2.339779622675732321e-02
4.510555380036316819e+02,2.341125371886107476e-02
4.518396142067130654e+02,2.342910347427427931e-02
4.526236177174388899e+02,2.370925359215182021e-02
4.534075485312960723e+02,2.395760145406701860e-02
4.541914066437714155e+02,2.401297023319861126e-02
4.549751920503519500e+02,2.364293302652861750e-02
4.557589047465245358e+02,2.372468901044642864e-02
4.565425447277761464e+02,2.331617298829556650e-02
4.573261119895937554e+02,2.335769640272033001e-02
4.581096065274642797e+02,2.321126360201520439e-02
4.588930283368745791e+02,2.375466095667207525e-02
4.596763774133116840e+02,2.316269250613738409e-02
4.604596537522625113e+02,2.344020479500158460e-02
4.612428573492140913e+02,2.324675164088538595e-02
4.620259881996530567e+02,2.338825693408155132e-02
4.628090462990665515e+02,2.329258163131682144e-02
4.635920316429414356e+02,2.313283286327594973e-02
4.643749442267647396e+02,2.336398561968223639e-02
4.651577840460232665e+02,2.308853294242014034e-02
4.659405510962040466e+02,2.302101931060202694e-02
4.667232453727939401e+02,2.321787936455710008e-02
4.675058668712799772e+02,2.270090104317781451e-02
4.682884155871489611e+02,2.285298483896305161e-02
4.690708915158879790e+02,2.282933716583072925e-02
4.698532946529838910e+02,2.266399472640837423e-02
4.706356249939236136e+02,2.275554876496958812e-02
4.714178825341940069e+02,2.296991555039338759e-02
4.722000672692821013e+02,2.296976510177082056e-02
4.729821791946747567e+02,2.280819139919845404e-02
4.737642183058590035e+02,2.278182366243981100e-02
4.745461845983217017e+02,2.284698327639450230e-02
4.753280780675498249e+02,2.277977490033867083e-02
4.761098987090302899e+02,2.277036651295429731e-02
4.768916465182499564e+02,2.273157314388779549e-02
4.776733214906958551e+02,2.260435080230691410e-02
4.784549236218550732e+02,2.254298609719363258e-02
4.792364529072141863e+02,2.252761122503678728e-02
4.800179093422602250e+02,2.272259262739254743e-02
4.807992929224802765e+02,2.270485212029044533e-02
4.815806036433611439e+02,2.251598658177740228e-02
4.823618415003898576e+02,2.255770614635378701e-02
4.831430064890532776e+02,2.265120231592201994e-02
4.839240986048383206e+02,2.270781994763799300e-02
4.847051178432319603e+02,2.249401153108099641e-02
4.854860641997211133e+02,2.270276380180617434e-02
4.862669376697929238e+02,2.273947990957705598e-02
4.870477382489339107e+02,2.256541352028458569e-02
4.878284659326312180e+02,2.258171022911925618e-02
4.886091207163717627e+02,2.217938840577587944e-02
4.893897025956425182e+02,2.243820567600087953e-02
4.901702115659304582e+02,2.225079135919360782e-02
4.909506476227223288e+02,2.241089341978832680e-02
4.917310107615052175e+02,2.242103393204691528e-02
4.925113009777659840e+02,2.229324848707400081e-02
4.932915182669916021e+02,2.232475292637342221e-02
4.940716626246689884e+02,2.239541139991674951e-02
4.948517340462852303e+02,2.214325018231134978e-02
4.956317325273270171e+02,2.258215935003073799e-02
4.964116580632813225e+02,2.206922547626558387e-02
4.971915106496351200e+02,2.238459539727367942e-02
4.979712902818753264e+02,2.260715809354328296e-02
4.987509969554889722e+02,2.232688144887387538e-02
4.995306306659628603e+02,2.219470953677394123e-02
5.003101914087840214e+02,2.237151861439348743e-02
5.010896791794392584e+02,2.216916389990206127e-02
5.018690939734156586e+02,2.221387167255218370e-02
5.026484357862001957e+02,2.203279662754510648e-02
5.034277046132795590e+02,2.238488081024027007e-02
5.042069004501407790e+02,2.215184559089655378e-02
5.049860232922708860e+02,2.232251085568556781e-02
5.057650731351566833e+02,2.220776951702830432e-02
5.065440499742852012e+02,2.213906302778239146e-02
5.073229538051433565e+02,2.235160214526920111e-02
5.081017846232180091e+02,2.196609001450058885e-02
5.088805424239961326e+02,2.192969015800041999e-02
5.096592272029647575e+02,2.246457154132057432e-02
5.104378389556105731e+02,2.226220366708117626e-02
5.112163776774208941e+02,2.246794459452451653e-02
5.119948433638822394e+02,2.205884728582825985e-02
5.127732360104818099e+02,2.213239438301431786e-02
5.135515556127063519e+02,2.210833841774558287e-02
5.143298021660430095e+02,2.231490311831262063e-02
5.151079756659786426e+02,2.226883441718274792e-02
5.158860761079999975e+02,2.214559044804298438e-02
5.166641034875942751e+02,2.204161171531408489e-02
5.174420578002482216e+02,2.192543572040687311e-02
5.182199390414486970e+02,2.206300861393639678e-02
5.189977472066831297e+02,2.209463520648591306e-02
5.197754822914378110e+02,2.200553833664627840e-02
5.205531442912000557e+02,2.183994466754200434e-02
5.213307332014566100e+02,2.204563280138810422e-02
5.221082490176944475e+02,2.193798794782454015e-02
5.228856917354006555e+02,2.169295807401380727e-02
5.236630613500619802e+02,2.204160867412856967e-02
5.244403578571653952e+02,2.178526043467395729e-02
5.252175812521979879e+02,2.197016994217522445e-02
5.259947315306465043e+02,2.179663337094807710e-02
5.267718086879979182e+02,2.172760832071912035e-02
5.275488127197393169e+02,2.166891038514361795e-02
5.283257436213573328e+02,2.170662356205833518e-02
5.291026013883391670e+02,2.161597372079264098e-02
5.298793860161715656e+02,2.129347803339618969e-02
5.306560975003416161e+02,2.112084766971435504e-02
5.314327358363360645e+02,2.089590978041874422e-02
5.322093010196419982e+02,2.098758158341935617e-02
5.329857930457461634e+02,2.083109043236575780e-02
5.337622119101358749e+02,2.075245775565297962e-02
5.345385576082976513e+02,2.062682865638814159e-02
5.353148301357188075e+02,2.043826118417949381e-02
5.360910294878859759e+02,2.061261091331951720e-02
5.368671556602861301e+02,2.038137569103960420e-02
5.376432086484061301e+02,2.039379050692035830e-02
5.384191884477331769e+02,2.048407572791251935e-02
5.391950950537540166e+02,2.027135300136991350e-02
5.399709284619556229e+02,2.042802162417477196e-02
5.407466886678249693e+02,2.034535837796530924e-02
5.415223756668488022e+02,2.030261642982884168e-02
5.422979894545143225e+02,2.035944925718509782e-02
5.430735300263082763e+02,2.034400896082863910e-02
5.438489973777177511e+02,2.031984841106194289e-02
5.446243915042294930e+02,2.028778541451900508e-02
5.453997124013304756e+02,2.032402769176196514e-02
5.461749600645076725e+02,2.028577116897234758e-02
5.469501344892480574e+02,2.024424554234492343e-02
5.477252356710384902e+02,2.020634430981591359e-02
5.485002636053659444e+02,2.022228694391860551e-02
5.492752182877172800e+02,2.024928221555456764e-02
5.500500997135795842e+02,2.036481658727649219e-02
5.508249078784397170e+02,2.033709707395607233e-02
5.515996427777846520e+02,2.047454650871393875e-02
5.523743044071012491e+02,2.054894244175845333e-02
5.531488927618762546e+02,2.055575613430931509e-02
5.539234078375968693e+02,2.051739588726813127e-02
5.546978496297499532e+02,2.067432191128284330e-02
5.554722181338225937e+02,2.066100157724998568e-02
5.562465133453014232e+02,2.067580126004413960e-02
5.570207352596735291e+02,2.082159090727228601e-02
5.577948838724257712e+02,2.079120592051683647e-02
5.585689591790452369e+02,2.076069568177760921e-02
5.593429611750186723e+02,2.078643853605943032e-02
5.601168898558332785e+02,2.077600636315547061e-02
5.608907452169756880e+02,2.074962098195479859e-02
5.616645272539329881e+02,2.078411762388360576e-02
5.624382359621920386e+02,2.077301185255994720e-02
5.632118713372398133e+02,2.077507990227384430e-02
5.639854333745632857e+02,2.081563498076039256e-02
5.647589220696492021e+02,2.076641950673442649e-02
5.655323374179848770e+02,2.090122938950676745e-02
5.663056794150567157e+02,2.092633425617706697e-02
5.670789480563521465e+02,2.096056517343461087e-02
5.678521433373578020e+02,2.098549721438959514e-02
5.686252652535607695e+02,2.089523391653295634e-02
5.693983138004477951e+02,2.088696255621243572e-02
5.701712889735059662e+02,2.082048951706470113e-02
5.709441907682222563e+02,2.076061449071417084e-02
5.717170191800835255e+02,2.074332562370087563e-02
5.724897742045766336e+02,2.073251116970340271e-02
5.732624558371885541e+02,2.077863633221185835e-02
5.740350640734062608e+02,2.080064880253604601e-02
5.748075989087167272e+02,2.083316268087833170e-02
5.755800603386066996e+02,2.079389485975479540e-02
5.763524483585633789e+02,2.078387107715328266e-02
5.771247629640736250e+02,2.089107229475605995e-02
5.778970041506239568e+02,2.089031434881545926e-02
5.786691719137020300e+02,2.074032940107772838e-02
5.794412662487941361e+02,2.078471860587310927e-02
5.802132871513875898e+02,2.087946784161363173e-02
5.809852346169691373e+02,2.088111484794817618e-02
5.817571086410257521e+02,2.104278691307757618e-02
5.825289092190444080e+02,2.083064552842075340e-02
5.833006363465120785e+02,2.092490530363687665e-02
5.840722900189155098e+02,2.101867593681376947e-02
5.848438702317419029e+02,2.119774906294783628e-02
5.856153769804780040e+02,2.120067227526889128e-02
5.863868102606107868e+02,2.122255724123272083e-02
5.871581700676272249e+02,2.125321641842361012e-02
5.879294563970141780e+02,2.105016666428006708e-02
5.887006692442585063e+02,2.107353654216211764e-02
5.894718086048472969e+02,2.111125486299994178e-02
5.902428744742674098e+02,2.119544021916850568e-02
5.910138668480057049e+02,2.119806593619785393e-02
5.917847857215493832e+02,2.125883767236733807e-02
5.925556310903851909e+02,2.127522236185822382e-02
5.933264029500001016e+02,2.119260898943563232e-02
5.940971012958808615e+02,2.130510913585771313e-02
5.948677261235146716e+02,2.133219681591124253e-02
5.956382774283881645e+02,2.139614950454037795e-02
5.964087552059886548e+02,2.130740146188581791e-02
5.971791594518027750e+02,2.139430487949503870e-02
5.979494901613174989e+02,2.139714212630133144e-02
5.987197473300199135e+02,2.122051915643174275e-02
5.994899309533967653e+02,2.117920527726979349e-02
6.002600410269352551e+02,2.129090981900341392e-02
6.010300775461221292e+02,2.140344447655476504e-02
6.018000405064442475e+02,2.138627793884910477e-02
6.025699299033884699e+02,2.127439699087480679e-02
6.033397457324419975e+02,2.128939875182484301e-02
6.041094879890916900e+02,2.127807086496656327e-02
6.048791566688242938e+02,2.117019179812443946e-02
6.056487517671270098e+02,2.134857575223583770e-02
6.064182732794864705e+02,2.129358797875332068e-02
6.071877212013899907e+02,2.140382500361199050e-02
6.079570955283240892e+02,2.126423059358898554e-02
6.087263962557760806e+02,2.128079085347392777e-02
6.094956233792325975e+02,2.121742103658403808e-02
6.102647768941807271e+02,2.121271317543870980e-02
6.110338567961073295e+02,2.104762016724519638e-02
6.118028630804993782e+02,2.121062912079653071e-02
6.125717957428437330e+02,2.124391011709222260e-02
6.133406547786274814e+02,2.116125686137536668e-02
6.141094401833374832e+02,2.117008493862151258e-02
6.148781519524605983e+02,2.105857559598996870e-02
6.156467900814836867e+02,2.122626910448943000e-02
6.164153545658939493e+02,2.109064441885343671e-02
6.171838454011782460e+02,2.109827900443466547e-02
6.179522625828233231e+02,2.106586148401971142e-02
6.187206061063162679e+02,2.105640606405950396e-02
6.194888759671439402e+02,2.103984380685756592e-02
6.202570721607933137e+02,2.098122572452010628e-02
6.210251946827512484e+02,2.093836520609333382e-02
6.217932435285047177e+02,2.101333172408331035e-02
6.225612186935408090e+02,2.087195429152470874e-02
6.233291201733461548e+02,2.095240560415063610e-02
6.240969479634079562e+02,2.102368851348954820e-02
6.248647020592130730e+02,2.095048503812957374e-02
6.256323824562483651e+02,2.090037454859354840e-02
6.263999891500008061e+02,2.077735654628753287e-02
6.271675221359573698e+02,2.076681602150428838e-02
6.279349814096048021e+02,2.074162506597233141e-02
6.287023669664301906e+02,2.090163913977145446e-02
6.294696788019205087e+02,2.084567647519645212e-02
6.302369169115626164e+02,2.094726617431851359e-02
6.310040812908434873e+02,2.089626661365538360e-02
6.317711719352499813e+02,2.092484404331227538e-02
6.325381888402690720e+02,2.094312435441833542e-02
6.333051320013878467e+02,2.075515559628970941e-02
6.340720014140929379e+02,2.079672701865073817e-02
6.348387970738714330e+02,2.089475858191303104e-02
6.356055189762103055e+02,2.095750406219205539e-02
6.363721671165964153e+02,2.091365123131805684e-02
6.371387414905167361e+02,2.091665909454930306e-02
6.379052420934581278e+02,2.062877231502394104e-02
6.386716689209075639e+02,2.083557277266357560e-02
6.394380219683520181e+02,2.076267846687904900e-02
6.402043012312783503e+02,2.074903775537101716e-02
6.409705067051735341e+02,2.076014922625076670e-02
6.417366383855247705e+02,2.064102098789820372e-02
6.425026962678184645e+02,2.079985710767218512e-02
6.432686803475418174e+02,2.070943655517307538e-02
6.440345906201816888e+02,2.078002075151531153e-02
6.448004270812251661e+02,2.086748596944237866e-02
6.455661897261591093e+02,2.088682025929718827e-02
6.463318785504703783e+02,2.077150508871227277e-02
6.470974935496459466e+02,2.079954477425762643e-02
6.478630347191727878e+02,2.074770689701788823e-02
6.486285020545377620e+02,2.068933672380704469e-02
6.493938955512280700e+02,2.069582801884866513e-02
6.501592152047302307e+02,2.084074328636922185e-02
6.509244610105313313e+02,2.083698753246300203e-02
6.516896329641182319e+02,2.084072331462068911e-02
6.524547310609781334e+02,2.075263115418222656e-02
6.532197552965977820e+02,2.081111191338008704e-02
6.539847056664641514e+02,2.072727991109496459e-02
6.547495821660639876e+02,2.063062469489372261e-02
6.555143847908844918e+02,2.068115711394647935e-02
6.562791135364124102e+02,2.070106229469694664e-02
6.570437683981349437e+02,2.070686637925686635e-02
6.578083493715388386e+02,2.062830638719440404e-02
6.585728564521108410e+02,2.072872915794453721e-02
6.593372896353380384e+02,2.078635443667345081e-02
6.601016489167075179e+02,2.097246728359357729e-02
6.608659342917060258e+02,2.069642004085267550e-02
6.616301457558205357e+02,2.078271732346040346e-02
6.623942833045380212e+02,2.054239625093075283e-02
6.631583469333453422e+02,2.041987559681281844e-02
6.639223366377294724e+02,2.056681580136186099e-02
6.646862524131774990e+02,2.061579544392818167e-02
6.654500942551760545e+02,2.066886713952435090e-02
6.662138621592123400e+02,2.085309139123622466e-02
6.669775561207731016e+02,2.054876415295522549e-02
6.677411761353453130e+02,2.069570216592815648e-02
6.685047221984159478e+02,2.054642657403486436e-02
6.692681943054717522e+02,2.057527968092821152e-02
6.700315924520000408e+02,2.064267572908427134e-02
6.707949166334874462e+02,2.059131631148092972e-02
6.715581668454210558e+02,2.043470815599555956e-02
6.723213430832875019e+02,2.058373242103940515e-02
6.730844453425742131e+02,2.059853756176038136e-02
6.738474736187678218e+02,2.052924082216371973e-02
6.746104279073551879e+02,2.058187732655758148e-02
6.753733082038233988e+02,2.054110618686662976e-02
6.761361145036593143e+02,2.051567430746304918e-02
6.768988468023497944e+02,2.055477898259612871e-02
6.776615050953820401e+02,2.056808581411229131e-02
6.784240893782426838e+02,2.057434374302684332e-02
6.791865996464188129e+02,2.053985515953298327e-02
6.799490358953974010e+02,2.054416674037131546e-02
6.807113981206650806e+02,2.046534595714378721e-02
6.814736863177092800e+02,2.043961035297910123e-02
6.822359004820166319e+02,2.034791270457807222e-02
6.829980406090738825e+02,2.048305160162226454e-02
6.837601066943683463e+02,2.031085691211325858e-02
6.845220987333867697e+02,2.036526051684696415e-02
6.852840167216160125e+02,2.050058576052681686e-02
6.860458606545431621e+02,2.046076800291183814e-02
6.868076305276550784e+02,2.069284404107599867e-02
6.875693263364387349e+02,2.052501852890098802e-02
6.883309480763808779e+02,2.048712222030142985e-02
6.890924957429688220e+02,2.053735892599024143e-02
6.898539693316891999e+02,2.049633816224093186e-02
6.906153688380289850e+02,2.042571692561456417e-02
6.913766942574749237e+02,2.050822590447492350e-02
6.921379455855144442e+02,2.070067063331073806e-02
6.928991228176340655e+02,2.071442678943965360e-02
6.936602259493208749e+02,2.049654501405692372e-02
6.944212549760617321e+02,2.051014823359461822e-02
6.951822098933436109e+02,2.056272267747082452e-02
6.959430906966534849e+02,2.043600626162949199e-02
6.967038973814782139e+02,2.042776079415867252e-02
6.974646299433048853e+02,2.042877891637225399e-02
6.982252883776201315e+02,2.045269356035128022e-02
6.989858726799111537e+02,2.049288987345626589e-02
6.997463828456649253e+02,2.063888981848514478e-02
7.005068188703680789e+02,2.054868250816248645e-02
7.012671807495077019e+02,2.051543465905073665e-02
7.020274684785707677e+02,2.062521051686229054e-02
7.027876820530441364e+02,2.054320523534099510e-02
7.035478214684148952e+02,2.066848966230720036e-02
7.043078867201696767e+02,2.069518744351698733e-02
7.050678778037956818e+02,2.054310555510139441e-02
7.058277947147798841e+02,2.057034542236723176e-02
7.065876374486090299e+02,2.071109270457813581e-02
7.073474060007699791e+02,2.042327288716239142e-02
7.081071003667500463e+02,2.055870323316840234e-02
7.088667205420357504e+02,2.041365420344975340e-02
7.096262665221142925e+02,2.055612597338520725e-02
7.103857383024723049e+02,2.055803027107365108e-02
7.111451358785971024e+02,2.053068134872968256e-02
7.119044592459753176e+02,2.052721815790730514e-02
7.126637084000939240e+02,2.062802320599531336e-02
7.134228833364400089e+02,2.071806136041363586e-02
7.141819840505004322e+02,2.073448608977628005e-02
7.149410105377621676e+02,2.056592735673962169e-02
7.156999627937120749e+02,2.060676179142774400e-02
7.164588408138370141e+02,2.047023983798150135e-02
7.172176445936240725e+02,2.071239137689830784e-02
7.179763741285599963e+02,2.060705460678996861e-02
7.187350294141319864e+02,2.073798053643510775e-02
7.194936104458267891e+02,2.073164951371232745e-02
7.202521172191312644e+02,2.074760537119415410e-02
7.210105497295326131e+02,2.076488962824768816e-02
7.217689079725175816e+02,2.081443230986016607e-02
7.225271919435730297e+02,2.073233104911446564e-02
7.232854016381859310e+02,2.067528323729283732e-02
7.240435370518434866e+02,2.076339862354055141e-02
7.248015981800323289e+02,2.080226172903257634e-02
7.255595850182393178e+02,2.080585566222141816e-02
7.263174975619517681e+02,2.085099181351085518e-02
7.270753358066563123e+02,2.076748443243562128e-02
7.278330997478398103e+02,2.084929483049154444e-02
7.285907893809895768e+02,2.099098966457404319e-02
7.293484047015921306e+02,2.106226490479096852e-02
7.301059457051346726e+02,2.099580916614626758e-02
7.308634123871039492e+02,2.100127281639952229e-02
7.316208047429871613e+02,2.097228044813316539e-02
7.323781227682709414e+02,2.086815711981630100e-02
7.331353664584423768e+02,2.099153668756768149e-02
7.338925358089883275e+02,2.100940385578591377e-02
7.346496308153957671e+02,2.095683714302612119e-02
7.354066514731516691e+02,2.108335552288548992e-02
7.361635977777428934e+02,2.114532527675853923e-02
7.369204697246563001e+02,2.078604372355162544e-02
7.376772673093790900e+02,2.094079675312707917e-02
7.384339905273980094e+02,2.090107182220220239e-02
7.391906393741999182e+02,2.117163951958112370e-02
7.399472138452720174e+02,2.104500374716809438e-02
7.407037139361009395e+02,2.111431910920601868e-02
7.414601396421737718e+02,2.105186276980177199e-02
7.422164909589772606e+02,2.074690721824507325e-02
7.429727678819986068e+02,2.099417020651488108e-02
7.437289704067245566e+02,2.097058611411773896e-02
7.444850985286421974e+02,2.102632119153977769e-02
7.452411522432383890e+02,2.092091370298510000e-02
7.459971315459998777e+02,2.084394402684079314e-02
7.467530364324139782e+02,2.079428351293475391e-02
7.475088668979673230e+02,2.094271154544997265e-02
7.482646229381469993e+02,2.097271275434050078e-02
7.490203045484398672e+02,2.099838298007478121e-02
7.497759117243327864e+02,2.094111210144827123e-02
7.505314444613127307e+02,2.101432440186734932e-02
7.512869027548667873e+02,2.094559270801118339e-02
7.520422866004815887e+02,2.089305715426029511e-02
7.527975959936443360e+02,2.080614339881726657e-02
7.535528309298420027e+02,2.079650021828192627e-02
7.543079914045612213e+02,2.080568166026292368e-02
7.550630774132890792e+02,2.084381284067003681e-02
7.558180889515127774e+02,2.075991526725470479e-02
7.565730260147188346e+02,2.063153364345400934e-02
7.573278885983942246e+02,2.069154340801255404e-02
7.580826766980261482e+02,2.052800672204772511e-02
7.588373903091013517e+02,2.053448850165447495e-02
7.595920294271066950e+02,2.050436683526027717e-02
7.603465940475293792e+02,2.056959834976401433e-02
7.611010841658560366e+02,2.036872544935143872e-02
7.618554997775737547e+02,2.049582879627829743e-02
7.626098408781695071e+02,2.042277462729042564e-02
7.633641074631300398e+02,2.032546614679021924e-02
7.641182995279425541e+02,2.030038844592943828e-02
7.648724170680937959e+02,2.028549744427609811e-02
7.656264600790706254e+02,2.021990526749382899e-02
7.663804285563602434e+02,2.043442099163275683e-02
7.671343224954492825e+02,2.003513539458214379e-02
7.678881418918249437e+02,2.010692273247371986e-02
7.686418867409739732e+02,2.023834280901328636e-02
7.693955570383833447e+02,1.995357657985546984e-02
7.701491527795400316e+02,1.975037807221083005e-02
7.709026739599310076e+02,1.960759083286880283e-02
7.716561205750431327e+02,1.961131427306652547e-02
7.724094926203632667e+02,1.957604998400678392e-02
7.731627900913784970e+02,1.965490373672348912e-02
7.739160129835755697e+02,1.970761020745257983e-02
7.746691612924415722e+02,1.970179975994333643e-02
7.754222350134633643e+02,1.953298779298062379e-02
7.761752341421280335e+02,1.922954282821887073e-02
7.769281586739222121e+02,1.931832445771411444e-02
7.776810086043331012e+02,1.938719234592916132e-02
7.784337839288474470e+02,1.951821529581597436e-02
7.791864846429524505e+02,1.928111286182159281e-02
7.799391107421348579e+02,1.931491218526186146e-02
7.806916622218815291e+02,1.920986132242738856e-02
7.814441390776793241e+02,1.886318788612566938e-02
7.821965413050154439e+02,1.896794062074782725e-02
7.829488688993767482e+02,1.880881395639702122e-02
7.837011218562499835e+02,1.918527048918221636e-02
7.844533001711223505e+02,1.903550771769260685e-02
7.852054038394805957e+02,1.891542793209499002e-02
7.859574328568116925e+02,1.873581589034227501e-02
7.867093872186025010e+02,1.894095412065965531e-02
7.874612669203403357e+02,1.887441430809309525e-02
7.882130719575116018e+02,1.926752348254489808e-02
7.889648023256033866e+02,1.878967535026414976e-02
7.897164580201028912e+02,1.896891596787472073e-02
7.904680390364967479e+02,1.900232998896774286e-02
7.912195453702719306e+02,1.912414037839870948e-02
7.919709770169156400e+02,1.871091751289568478e-02
7.927223339719143951e+02,1.910175966298721661e-02
7.934736162307553968e+02,1.887895506819397412e-02
7.942248237889255051e+02,1.885130705455997230e-02
7.949759566419116936e+02,1.890740781908003057e-02
7.957270147852009359e+02,1.892847085202443644e-02
7.964779982142800918e+02,1.921160127757320230e-02
7.972289069246359077e+02,1.909860658883407239e-02
7.979797409117555844e+02,1.901240390352421789e-02
7.987305001711259820e+02,1.915264528813058822e-02
7.994811846982340739e+02,1.939301938699737604e-02
8.002317944885667202e+02,1.959370970993151023e-02
8.009823295376107808e+02,1.935975519281614779e-02
8.017327898408532292e+02,1.935485245766093224e-02
8.024831753937811527e+02,1.969104322661051690e-02
8.032334861918815250e+02,1.947862756563448552e-02
8.039837222306409785e+02,1.946738639852819627e-02
8.047338835055466006e+02,1.953322173071107837e-02
8.054839700120852513e+02,1.946269452386310134e-02
8.062339817457440176e+02,1.944520433183858504e-02
8.069839187020097597e+02,1.988910738921009433e-02
8.077337808763693374e+02,1.995091827768083470e-02
8.084835682643097243e+02,1.970522405119023990e-02
8.092332808613178941e+02,1.998879437975096748e-02
8.099829186628807065e+02,2.002914276189733667e-02
8.107324816644852490e+02,2.014652398137875555e-02
8.114819698616182677e+02,2.033413863562853405e-02
8.122313832497668500e+02,2.009163963931752395e-02
8.129807218244177420e+02,2.026979623245672019e-02
8.137299855810580311e+02,2.017182997626599042e-02
8.144791745151745772e+02,2.009867763547052225e-02
8.152282886222543539e+02,2.010593164774850464e-02
8.159773278977842210e+02,2.021827346254811281e-02
8.167262923372512660e+02,2.015687492380354925e-02
8.174751819361421212e+02,2.044527452111241303e-02
8.182239966899441015e+02,2.050974757526518102e-02
8.189727365941439530e+02,2.031539487175189340e-02
8.197214016442286493e+02,2.033628501448282028e-02
8.204699918356850503e+02,2.022616336301943929e-02
8.212185071640000160e+02,2.090962191250356206e-02
8.219669476246606337e+02,2.005164608102421794e-02
8.227153132131538769e+02,2.049236298479987714e-02
8.234636039249663781e+02,1.996867607012832446e-02
8.242118197555853385e+02,2.024794950234129476e-02
8.249599607004977315e+02,2.000103682719852130e-02
8.257080267551903034e+02,2.009613753630535085e-02
8.264560179151501416e+02,1.965168303594148555e-02
8.272039341758642195e+02,1.955116329201398925e-02
8.279517755328191697e+02,1.975157787462327591e-02
8.286995419815020796e+02,1.967365082569283788e-02
8.294472335173999227e+02,1.935784965055845075e-02
8.301948501359996726e+02,1.930524274061132251e-02
8.309423918327881893e+02,1.928691566008281996e-02
8.316898586032523326e+02,1.945676405373330045e-02
8.324372504428791899e+02,1.916253915674855784e-02
8.331845673471557348e+02,1.914327987570077147e-02
8.339318093115685997e+02,1.884477579294665736e-02
8.346789763316050994e+02,1.883816456798612093e-02
8.354260684027519801e+02,1.872916974310748911e-02
8.361730855204961017e+02,1.883874836959213359e-02
8.369200276803243241e+02,1.852784718978790421e-02
8.376668948777238484e+02,1.884862798730077907e-02
8.384136871081815343e+02,1.845970697254022130e-02
8.391604043671841282e+02,1.853234332073864718e-02
8.399070466502187173e+02,1.803850602766329456e-02
8.406536139527722753e+02,1.862067928423987925e-02
8.414001062703315483e+02,1.854770285102277927e-02
8.421465235983837374e+02,1.841127507747642930e-02
8.428928659324155888e+02,1.800026908822568300e-02
8.436391332679140760e+02,1.809757155739563986e-02
8.443853256003660590e+02,1.799048374324576163e-02
8.451314429252585114e+02,1.845610498752297754e-02
8.458774852380784068e+02,1.827962753228319984e-02
8.466234525343127189e+02,1.868135847703282157e-02
8.473693448094483074e+02,1.864816534368653536e-02
8.481151620589720324e+02,1.876496241384922534e-02
8.488609042783709810e+02,1.846716718760595816e-02
8.496065714631318997e+02,1.863819866521384400e-02
8.503521636087419893e+02,1.843623084200242054e-02
8.510976807106879960e+02,1.825805147746263971e-02
8.518431227644570072e+02,1.792188310427285727e-02
8.525884897655355417e+02,1.878170913955224189e-02
8.533337817094109141e+02,1.867135329540796362e-02
8.540789985915700981e+02,1.897932910204676651e-02
8.548241404074997263e+02,1.827592060262313647e-02
8.555692071526869995e+02,1.872820585460071435e-02
8.563141988226186641e+02,1.879774720112104003e-02
8.570591154127818072e+02,1.842703691171997116e-02
8.578039569186632889e+02,1.901931711107827938e-02
8.585487233357500827e+02,1.886192557883683424e-02
8.592934146595289349e+02,1.910066727735917555e-02
8.600380308854870464e+02,1.925966108902217935e-02
8.607825720091111634e+02,1.932461352467212956e-02
8.615270380258882597e+02,1.983166460976546960e-02
8.622714289313053087e+02,1.988383107288525450e-02
8.630157447208490566e+02,2.024300779345535387e-02
8.637599853900069320e+02,1.987697158069760134e-02
8.645041509342652262e+02,2.003190025090180806e-02
8.652482413491113675e+02,2.060289530853676165e-02
8.659922566300319886e+02,2.114795058131536953e-02
8.667361967725141767e+02,2.018470516710483414e-02
8.674800617720449054e+02,2.093461407263044402e-02
8.682238516241109210e+02,2.088355740781569839e-02
8.689675663241991970e+02,2.142600315283967743e-02
8.697112058677968207e+02,2.039645881798991464e-02
8.704547702503904247e+02,2.140223251622520514e-02
8.711982594674674374e+02,2.122897276418447485e-02
8.719416735145142638e+02,2.080108852638082664e-02
8.726850123870182188e+02,2.135582143836985136e-02
8.734282760804659347e+02,2.084624065738507892e-02
8.741714645903447263e+02,2.115456997501384204e-02
8.749145779121411124e+02,2.165928336221436060e-02
8.756576160413422940e+02,2.169012183652116454e-02
8.764005789734350174e+02,2.175191661266727763e-02
8.771434667039063697e+02,2.145407964490977579e-02
8.778862792282430974e+02,2.143313054901384296e-02
8.786290165419322875e+02,2.198469502738696624e-02
8.793716786404609138e+02,2.120415125426858977e-02
8.801142655193158362e+02,2.156428264753726398e-02
8.808567771739840282e+02,2.185497919507384257e-02
8.815992135999522361e+02,2.142541514043515977e-02
8.823415747927077746e+02,2.153762442729676568e-02
8.830838607477371625e+02,2.170138911131602386e-02
8.838260714605276007e+02,2.200401178021697129e-02
8.845682069265657219e+02,2.163082563875152672e-02
8.853102671413388407e+02,2.196944738765426938e-02
8.860522521003337033e+02,2.143502792756059663e-02
8.867941617990372833e+02,2.116189346514341443e-02
8.875359962329363270e+02,2.114778485935503091e-02
8.882777553975179217e+02,2.142126752678971333e-02
8.890194392882691545e+02,2.125477953933192776e-02
8.897610479006766582e+02,2.147551709867551520e-02
8.905025812302277473e+02,2.114649038476506746e-02
8.912440392724088269e+02,2.134876942173623629e-02
8.919854220227073256e+02,2.112335049719368113e-02
8.927267294766098757e+02,2.066680178638177073e-02
8.934679616296034510e+02,2.041330345352607156e-02
8.942091184771750250e+02,2.139607382672716399e-02
8.949502000148115712e+02,2.072858154401336847e-02
8.956912062380000634e+02,2.093981443457272260e-02
8.964321371422272478e+02,2.046671190852109370e-02
8.971729927229800978e+02,2.057596241731709727e-02
8.979137729757458146e+02,2.058799422333881454e-02
8.986544778960111444e+02,2.014079318080153405e-02
8.993951074792628333e+02,2.053171377618492194e-02
9.001356617209879687e+02,1.999358265937450918e-02
9.008761406166736379e+02,2.006223888349835047e-02
9.016165441618064733e+02,2.006625386518468349e-02
9.023568723518736761e+02,2.018747251640501394e-02
9.030971251823619923e+02,1.988469716787999789e-02
9.038373026487583957e+02,1.983317853746045106e-02
9.045774047465499734e+02,1.985554960561336860e-02
9.053174314712234718e+02,1.967516846906786770e-02
9.060573828182660918e+02,1.943905206153233658e-02
9.067972587831642386e+02,1.934890379621513612e-02
9.075370593614053405e+02,1.932165541441620976e-02
9.082767845484761438e+02,1.917427775610798871e-02
9.090164343398635083e+02,1.894874386318001064e-02
9.097560087310545214e+02,1.995254651436095122e-02
9.104955077175360429e+02,1.897924570463595598e-02
9.112349312947949329e+02,1.913413152808303430e-02
9.119742794583182786e+02,1.923421239160518284e-02
9.127135522035928261e+02,1.856786560677902570e-02
9.134527495261058903e+02,1.812784898384446619e-02
9.141918714213437624e+02,1.873181929351373440e-02
9.149309178847939847e+02,1.817316750031378048e-02
9.156698889119430760e+02,1.801508162298713633e-02
9.164087844982781235e+02,1.821987988108556694e-02
9.171476046392862145e+02,1.841755289848522742e-02
9.178863493304540953e+02,1.819629478163604930e-02
9.186250185672686257e+02,1.784436361338487959e-02
9.193636123452168931e+02,1.802356619658608550e-02
9.201021306597857574e+02,1.821023308377601319e-02
9.208405735064621922e+02,1.786070230523368121e-02
9.215789408807333984e+02,1.831478860172737477e-02
9.223172327780856676e+02,1.790579136293691739e-02
9.230554491940064281e+02,1.837211757012139485e-02
9.237935901239824261e+02,1.777304389791147313e-02
9.245316555635006353e+02,1.721559017690059076e-02
9.252696455080480291e+02,1.788378497586803201e-02
9.260075599531114676e+02,1.787844650110957320e-02
9.267453988941779244e+02,1.768014444625444492e-02
9.274831623267343730e+02,1.708537392518387141e-02
9.282208502462676734e+02,1.753945774092866353e-02
9.289584626482647991e+02,1.755932646128996813e-02
9.296959995282127238e+02,1.747430195438840969e-02
9.304334608815981937e+02,1.684160017483461377e-02
9.311708467039082961e+02,1.770942464090270382e-02
9.319081569906300047e+02,1.806162268036650559e-02
9.326453917372499518e+02,1.831947037624018226e-02
9.333825509392555659e+02,1.753451359861943684e-02
9.341196345921333659e+02,1.748504169442156864e-02
9.348566426913704390e+02,1.743677919985794911e-02
9.355935752324537589e+02,1.760210100784899423e-02
9.363304322108701854e+02,1.810560753803190648e-02
9.370672136221068058e+02,1.826213967111363357e-02
9.378039194616502527e+02,1.821579062211776262e-02
9.385405497249877271e+02,1.796728001355147805e-02
9.392771044076059752e+02,1.784032525342199235e-02
9.400135835049920843e+02,1.814874292078074922e-02
9.407499870126328005e+02,1.806634594771767272e-02
9.414863149260152113e+02,1.884121544923331171e-02
9.422225672406261765e+02,1.871489658676212670e-02
9.429587439519527834e+02,1.805686740254730527e-02
9.436948450554816645e+02,1.898311419273245385e-02
9.444308705467001346e+02,1.943294264408330224e-02
9.451668204210948261e+02,1.700433896609941653e-02
9.459026946741527127e+02,1.824082174193853920e-02
9.466384933013608816e+02,1.795998837284370694e-02
9.473742162982060790e+02,1.933137586949930029e-02
9.481098636601752787e+02,1.930922860283504003e-02
9.488454353827554542e+02,1.969913589789347788e-02
9.495809314614335790e+02,2.013646344667210930e-02
9.503163518916965131e+02,1.963936720134673575e-02
9.510516966690312302e+02,2.053609862051380963e-02
9.517869657889247037e+02,1.767464589588373797e-02
9.525221592468637937e+02,2.159912178152948239e-02
9.532572770383353600e+02,1.896879305042642808e-02
9.539923191588264899e+02,1.888782059409828060e-02
9.547272856038240434e+02,2.145768922412313526e-02
9.554621763688148803e+02,2.084194035025582759e-02
9.561969914492860880e+02,2.071480679730208080e-02
9.569317308407244127e+02,2.189444023771748571e-02
9.576663945386170553e+02,2.038043367583107501e-02
9.584009825384507621e+02,2.166490961023957718e-02
9.591354948357123931e+02,2.170212056940810583e-02
9.598699314258890354e+02,2.172759283012490328e-02
